clean_id,original_sequence_id,n_residues,coords_shape
Ovis_aries_XP_0421123421_CMRF35-like_molecule_8_isoform_X1IPR003599IG_3c26-128,Ovis_aries_XP_042112342.1_CMRF35-like_molecule_8_isoform_X1|IPR003599|IG_3c|26-128,103,103x3
Tursiops_truncatus_XP_0337037101_CMRF35-like_molecule_8_isoform_X1IPR003599IG_3c37-136,Tursiops_truncatus_XP_033703710.1_CMRF35-like_molecule_8_isoform_X1|IPR003599|IG_3c|37-136,100,100x3
Moschus_berezovskii_XP_0552646331_CMRF35-like_molecule_1_isoform_X1IPR003599IG_3c22-123,Moschus_berezovskii_XP_055264633.1_CMRF35-like_molecule_1_isoform_X1|IPR003599|IG_3c|22-123,102,102x3
Capricornis_sumatraensis_XP_0688336241_CMRF35-like_molecule_2IPR003599IG_3c20-125,Capricornis_sumatraensis_XP_068833624.1_CMRF35-like_molecule_2|IPR003599|IG_3c|20-125,106,106x3
Bison_bison_bison_XP_0108544201_PREDICTED_CMRF35-like_molecule_4IPR003599IG_3c26-127,Bison_bison_bison_XP_010854420.1_PREDICTED:_CMRF35-like_molecule_4|IPR003599|IG_3c|26-127,102,102x3
Bubalus_bubalis_XP_0060398411_PREDICTED_CMRF35-like_molecule_8_isoform_X4IPR003599IG_3c28-129,Bubalus_bubalis_XP_006039841.1_PREDICTED:_CMRF35-like_molecule_8_isoform_X4|IPR003599|IG_3c|28-129,102,102x3
Capra_hircus_XP_0179193531_PREDICTED_CMRF35-like_molecule_1_isoform_X1IPR003599IG_3c22-124,Capra_hircus_XP_017919353.1_PREDICTED:_CMRF35-like_molecule_1_isoform_X1|IPR003599|IG_3c|22-124,103,103x3
Budorcas_taxicolor_XP_0525146131_CMRF35-like_molecule_6IPR003599IG_3c28-129,Budorcas_taxicolor_XP_052514613.1_CMRF35-like_molecule_6|IPR003599|IG_3c|28-129,102,102x3
Oryx_dammah_XP_0400915401_CMRF35-like_molecule_6_partialIPR003599IG_3c7-108,"Oryx_dammah_XP_040091540.1_CMRF35-like_molecule_6,_partial|IPR003599|IG_3c|7-108",102,102x3
Muntiacus_reevesi_KAB03669091_hypothetical_protein_FD755_020233IPR003599IG_3c33-134,Muntiacus_reevesi_KAB0366909.1_hypothetical_protein_FD755_020233|IPR003599|IG_3c|33-134,102,102x3
Oryx_dammah_XP_0401004211_CMRF35-like_molecule_2IPR003599IG_3c21-126,Oryx_dammah_XP_040100421.1_CMRF35-like_molecule_2|IPR003599|IG_3c|21-126,106,106x3
Cervus_hanglu_yarkandensis_KAF40129231_hypothetical_protein_G4228_002964_partialIPR003599IG_3c53-158,"Cervus_hanglu_yarkandensis_KAF4012923.1_hypothetical_protein_G4228_002964,_partial|IPR003599|IG_3c|53-158",106,106x3
Hippopotamus_amphibius_kiboko_XP_0575698601_CMRF35-like_molecule_7IPR003599IG_3c21-122,Hippopotamus_amphibius_kiboko_XP_057569860.1_CMRF35-like_molecule_7|IPR003599|IG_3c|21-122,102,102x3
Hippopotamus_amphibius_kiboko_XP_0575723741_CMRF35-like_molecule_1_isoform_X2IPR003599IG_3c26-127,Hippopotamus_amphibius_kiboko_XP_057572374.1_CMRF35-like_molecule_1_isoform_X2|IPR003599|IG_3c|26-127,102,102x3
Sus_scrofa_ENSSSCT000000346172IPR003599IG_3c28-130,Sus_scrofa_ENSSSCT00000034617.2|IPR003599|IG_3c|28-130,103,103x3
Sus_scrofa_ENSSSCT000001016731IPR003599IG_3c49-150,Sus_scrofa_ENSSSCT00000101673.1|IPR003599|IG_3c|49-150,102,102x3
Cervus_elaphus_XP_0437615061_CMRF35-like_molecule_1_isoform_X1IPR003599IG_3c22-123,Cervus_elaphus_XP_043761506.1_CMRF35-like_molecule_1_isoform_X1|IPR003599|IG_3c|22-123,102,102x3
Bison_bison_bison_XP_0108544251_PREDICTED_CMRF35-like_molecule_1_isoform_X1IPR003599IG_3c22-123,Bison_bison_bison_XP_010854425.1_PREDICTED:_CMRF35-like_molecule_1_isoform_X1|IPR003599|IG_3c|22-123,102,102x3
Camelus_ferus_XP_0323127971_CMRF35-like_molecule_5IPR003599IG_3c26-127,Camelus_ferus_XP_032312797.1_CMRF35-like_molecule_5|IPR003599|IG_3c|26-127,102,102x3
Bubalus_bubalis_XP_0450206771_protein_CD300H-like_isoform_X2IPR003599IG_3c41-138,Bubalus_bubalis_XP_045020677.1_protein_CD300H-like_isoform_X2|IPR003599|IG_3c|41-138,98,98x3
Capricornis_sumatraensis_XP_0688321711_CMRF35-like_molecule_1IPR003599IG_3c85-187,Capricornis_sumatraensis_XP_068832171.1_CMRF35-like_molecule_1|IPR003599|IG_3c|85-187,103,103x3
Lagenorhynchus_albirostris_XP_0599912131_CMRF35-like_molecule_1IPR003599IG_3c22-123,Lagenorhynchus_albirostris_XP_059991213.1_CMRF35-like_molecule_1|IPR003599|IG_3c|22-123,102,102x3
Ovibos_moschatus_KAL12870931_CD300EIPR003599IG_3c21-126,Ovibos_moschatus_KAL1287093.1_CD300E|IPR003599|IG_3c|21-126,106,106x3
Physeter_catodon_XP_0070998801_PREDICTED_CMRF35-like_molecule_8-likeIPR003599IG_3c163-262,Physeter_catodon_XP_007099880.1_PREDICTED:_CMRF35-like_molecule_8-like|IPR003599|IG_3c|163-262,100,100x3
Bubalus_kerabau_XP_0554355561_CMRF-35-like_molecule_4IPR003599IG_3c26-127,Bubalus_kerabau_XP_055435556.1_CMRF-35-like_molecule_4|IPR003599|IG_3c|26-127,102,102x3
Muntiacus_reevesi_KAB03669101_hypothetical_protein_FD755_020234IPR003599IG_3c56-157,Muntiacus_reevesi_KAB0366910.1_hypothetical_protein_FD755_020234|IPR003599|IG_3c|56-157,102,102x3
Rangifer_tarandus_platyrhynchus_CAI97004191_unnamed_protein_productIPR003599IG_3c28-127,Rangifer_tarandus_platyrhynchus_CAI9700419.1_unnamed_protein_product|IPR003599|IG_3c|28-127,100,100x3
Bubalus_kerabau_XP_0554310371_CMRF35-like_molecule_6IPR003599IG_3c28-129,Bubalus_kerabau_XP_055431037.1_CMRF35-like_molecule_6|IPR003599|IG_3c|28-129,102,102x3
Oryx_dammah_XP_0401004201_CMRF35-like_molecule_5IPR003599IG_3c26-127,Oryx_dammah_XP_040100420.1_CMRF35-like_molecule_5|IPR003599|IG_3c|26-127,102,102x3
Cervus_hanglu_yarkandensis_KAF40129221_hypothetical_protein_G4228_003722IPR003599IG_3c27-128,Cervus_hanglu_yarkandensis_KAF4012922.1_hypothetical_protein_G4228_003722|IPR003599|IG_3c|27-128,102,102x3
Hippopotamus_amphibius_kiboko_XP_0575698581_CMRF35-like_molecule_3IPR003599IG_3c14-115,Hippopotamus_amphibius_kiboko_XP_057569858.1_CMRF35-like_molecule_3|IPR003599|IG_3c|14-115,102,102x3
Vicugna_pacos_XP_0315415601_CMRF35-like_molecule_6_isoform_X1IPR003599IG_3c28-129,Vicugna_pacos_XP_031541560.1_CMRF35-like_molecule_6_isoform_X1|IPR003599|IG_3c|28-129,102,102x3
Bubalus_kerabau_XP_0554310391_CMRF35-like_molecule_1_isoform_X1IPR003599IG_3c22-123,Bubalus_kerabau_XP_055431039.1_CMRF35-like_molecule_1_isoform_X1|IPR003599|IG_3c|22-123,102,102x3
Cervus_canadensis_XP_0433136801_CMRF35-like_molecule_2IPR003599IG_3c21-126,Cervus_canadensis_XP_043313680.1_CMRF35-like_molecule_2|IPR003599|IG_3c|21-126,106,106x3
Delphinus_delphis_XP_0598546581_CMRF35-like_molecule_1_isoform_X1IPR003599IG_3c22-123,Delphinus_delphis_XP_059854658.1_CMRF35-like_molecule_1_isoform_X1|IPR003599|IG_3c|22-123,102,102x3
Cervus_elaphus_XP_0437615461_CMRF35-like_molecule_5IPR003599IG_3c26-127,Cervus_elaphus_XP_043761546.1_CMRF35-like_molecule_5|IPR003599|IG_3c|26-127,102,102x3
Muntiacus_reevesi_XP_0657659341_CMRF35-like_molecule_5IPR003599IG_3c26-127,Muntiacus_reevesi_XP_065765934.1_CMRF35-like_molecule_5|IPR003599|IG_3c|26-127,102,102x3
Neophocaena_asiaeorientalis_asiaeorientalis_XP_0246165981_CMRF35-like_molecule_8_isoform_X1IPR003599IG_3c102-201,Neophocaena_asiaeorientalis_asiaeorientalis_XP_024616598.1_CMRF35-like_molecule_8_isoform_X1|IPR003599|IG_3c|102-201,100,100x3
Delphinus_delphis_XP_0598528011_CMRF35-like_molecule_8IPR003599IG_3c37-136,Delphinus_delphis_XP_059852801.1_CMRF35-like_molecule_8|IPR003599|IG_3c|37-136,100,100x3
Bos_javanicus_XP_0612488991_CMRF35-like_molecule_5IPR003599IG_3c26-127,Bos_javanicus_XP_061248899.1_CMRF35-like_molecule_5|IPR003599|IG_3c|26-127,102,102x3
Lagenorhynchus_albirostris_XP_0599912281_CMRF35-like_molecule_8IPR003599IG_3c37-136,Lagenorhynchus_albirostris_XP_059991228.1_CMRF35-like_molecule_8|IPR003599|IG_3c|37-136,100,100x3
Homo_sapiens_NP_0066691_CD300CIPR003599IG_3c28-130,Homo_sapiens_NP_006669.1_CD300C|IPR003599|IG_3c|28-130,103,103x3
Bos_mutus_ELR474221_CMRF35-like_molecule_4_partialIPR003599IG_3c38-139,"Bos_mutus_ELR47422.1_CMRF35-like_molecule_4,_partial|IPR003599|IG_3c|38-139",102,102x3
Pantholops_hodgsonii_XP_0059852921_PREDICTED_uncharacterized_protein_LOC102322996IPR003599IG_3c211-314,Pantholops_hodgsonii_XP_005985292.1_PREDICTED:_uncharacterized_protein_LOC102322996|IPR003599|IG_3c|211-314,104,104x3
Camelus_ferus_EPY874471_G_protein-coupled_receptor_family_C_group_5_member_C_isoform_a-like_proteinIPR003599IG_3c575-676,"Camelus_ferus_EPY87447.1_G_protein-coupled_receptor_family_C,_group_5,_member_C_isoform_a-like_protein|IPR003599|IG_3c|575-676",102,102x3
Hippopotamus_amphibius_kiboko_XP_0575698591_CMRF35-like_molecule_6IPR003599IG_3c28-131,Hippopotamus_amphibius_kiboko_XP_057569859.1_CMRF35-like_molecule_6|IPR003599|IG_3c|28-131,104,104x3
Balaenoptera_musculus_XP_0366932881_CMRF35-like_molecule_8IPR003599IG_3c28-127,Balaenoptera_musculus_XP_036693288.1_CMRF35-like_molecule_8|IPR003599|IG_3c|28-127,100,100x3
Cervus_elaphus_XP_0437615601_CMRF35-like_molecule_8_isoform_X1IPR003599IG_3c28-129,Cervus_elaphus_XP_043761560.1_CMRF35-like_molecule_8_isoform_X1|IPR003599|IG_3c|28-129,102,102x3
Dama_dama_XP_0609972601_CMRF35-like_molecule_6IPR003599IG_3c28-127,Dama_dama_XP_060997260.1_CMRF35-like_molecule_6|IPR003599|IG_3c|28-127,100,100x3
Phocoena_phocoena_XP_0657525231_CMRF35-like_molecule_1IPR003599IG_3c14-113,Phocoena_phocoena_XP_065752523.1_CMRF35-like_molecule_1|IPR003599|IG_3c|14-113,100,100x3
Ovis_aries_XP_0120419641_PREDICTED_CMRF35-like_molecule_2_isoform_X2IPR003599IG_3c21-131,Ovis_aries_XP_012041964.1_PREDICTED:_CMRF35-like_molecule_2_isoform_X2|IPR003599|IG_3c|21-131,111,111x3
Rangifer_tarandus_platyrhynchus_CAI91638751_unnamed_protein_productIPR003599IG_3c28-127,Rangifer_tarandus_platyrhynchus_CAI9163875.1_unnamed_protein_product|IPR003599|IG_3c|28-127,100,100x3
Bubalus_bubalis_XP_0447944711_CMRF35-like_molecule_1_isoform_X1IPR003599IG_3c22-123,Bubalus_bubalis_XP_044794471.1_CMRF35-like_molecule_1_isoform_X1|IPR003599|IG_3c|22-123,102,102x3
Dama_dama_XP_0610009251_CMRF35-like_molecule_7_isoform_X1IPR003599IG_3c21-122,Dama_dama_XP_061000925.1_CMRF35-like_molecule_7_isoform_X1|IPR003599|IG_3c|21-122,102,102x3
Bos_taurus_XP_0026962381_protein_CD300HIPR003599IG_3c21-131,Bos_taurus_XP_002696238.1_protein_CD300H|IPR003599|IG_3c|21-131,111,111x3
Rangifer_tarandus_platyrhynchus_CAI91638671_unnamed_protein_productIPR003599IG_3c28-129,Rangifer_tarandus_platyrhynchus_CAI9163867.1_unnamed_protein_product|IPR003599|IG_3c|28-129,102,102x3
Ovibos_moschatus_KAL12870911_CD300AIPR003599IG_3c28-131,Ovibos_moschatus_KAL1287091.1_CD300A|IPR003599|IG_3c|28-131,104,104x3
Lagenorhynchus_obliquidens_XP_0269363621_CMRF35-like_molecule_8_isoform_X1IPR003599IG_3c37-138,Lagenorhynchus_obliquidens_XP_026936362.1_CMRF35-like_molecule_8_isoform_X1|IPR003599|IG_3c|37-138,102,102x3
Monodon_monoceros_XP_0290688341_CMRF35-like_molecule_8_isoform_X1IPR003599IG_3c28-127,Monodon_monoceros_XP_029068834.1_CMRF35-like_molecule_8_isoform_X1|IPR003599|IG_3c|28-127,100,100x3
Delphinapterus_leucas_XP_0224454221_CMRF35-like_molecule_8_isoform_X3IPR003599IG_3c28-127,Delphinapterus_leucas_XP_022445422.1_CMRF35-like_molecule_8_isoform_X3|IPR003599|IG_3c|28-127,100,100x3
Moschus_berezovskii_XP_0552646481_CMRF35-like_molecule_8_isoform_X1IPR003599IG_3c28-129,Moschus_berezovskii_XP_055264648.1_CMRF35-like_molecule_8_isoform_X1|IPR003599|IG_3c|28-129,102,102x3
Bubalus_bubalis_XP_0060452641_CMRF35-like_molecule_2IPR003599IG_3c21-126,Bubalus_bubalis_XP_006045264.1_CMRF35-like_molecule_2|IPR003599|IG_3c|21-126,106,106x3
Bubalus_kerabau_XP_0554355571_CMRF35-like_molecule_5IPR003599IG_3c26-127,Bubalus_kerabau_XP_055435557.1_CMRF35-like_molecule_5|IPR003599|IG_3c|26-127,102,102x3
Delphinapterus_leucas_XP_0224454111_CMRF35-like_molecule_1_isoform_X1IPR003599IG_3c22-121,Delphinapterus_leucas_XP_022445411.1_CMRF35-like_molecule_1_isoform_X1|IPR003599|IG_3c|22-121,100,100x3
Moschus_berezovskii_XP_0552540431_CMRF35-like_molecule_7_isoform_X1IPR003599IG_3c26-127,Moschus_berezovskii_XP_055254043.1_CMRF35-like_molecule_7_isoform_X1|IPR003599|IG_3c|26-127,102,102x3
Oryx_dammah_XP_0401004161_protein_CD300H-like_isoform_X1IPR003599IG_3c53-163,Oryx_dammah_XP_040100416.1_protein_CD300H-like_isoform_X1|IPR003599|IG_3c|53-163,111,111x3
Phacochoerus_africanus_XP_0476145671_CMRF35-like_molecule_1_isoform_X1IPR003599IG_3c49-150,Phacochoerus_africanus_XP_047614567.1_CMRF35-like_molecule_1_isoform_X1|IPR003599|IG_3c|49-150,102,102x3
Monodon_monoceros_XP_0290689461_CMRF35-like_molecule_1_isoform_X1IPR003599IG_3c22-121,Monodon_monoceros_XP_029068946.1_CMRF35-like_molecule_1_isoform_X1|IPR003599|IG_3c|22-121,100,100x3
Phacochoerus_africanus_XP_0476140771_protein_CD300H-like_isoform_X1IPR003599IG_3c84-194,Phacochoerus_africanus_XP_047614077.1_protein_CD300H-like_isoform_X1|IPR003599|IG_3c|84-194,111,111x3
Capricornis_sumatraensis_XP_0688346101_protein_CD300H-like_isoform_X1IPR003599IG_3c21-131,Capricornis_sumatraensis_XP_068834610.1_protein_CD300H-like_isoform_X1|IPR003599|IG_3c|21-131,111,111x3
Dama_dama_XP_0610008991_CMRF35-like_molecule_5IPR003599IG_3c26-127,Dama_dama_XP_061000899.1_CMRF35-like_molecule_5|IPR003599|IG_3c|26-127,102,102x3
Pantholops_hodgsonii_XP_0059852901_PREDICTED_CMRF35-like_molecule_8_partialIPR003599IG_3c15-118,"Pantholops_hodgsonii_XP_005985290.1_PREDICTED:_CMRF35-like_molecule_8,_partial|IPR003599|IG_3c|15-118",104,104x3
Dama_dama_XP_0610009201_CMRF35-like_molecule_6_isoform_X1IPR003599IG_3c28-127,Dama_dama_XP_061000920.1_CMRF35-like_molecule_6_isoform_X1|IPR003599|IG_3c|28-127,100,100x3
Tursiops_truncatus_ENSTTRT000000051911IPR003599IG_3c22-122,Tursiops_truncatus_ENSTTRT00000005191.1|IPR003599|IG_3c|22-122,101,101x3
Bison_bison_bison_XP_0108544171_PREDICTED_CMRF35-like_molecule_6IPR003599IG_3c82-179,Bison_bison_bison_XP_010854417.1_PREDICTED:_CMRF35-like_molecule_6|IPR003599|IG_3c|82-179,98,98x3
Muntiacus_muntjak_KAB03664611_hypothetical_protein_FD754_010617IPR003599IG_3c56-157,Muntiacus_muntjak_KAB0366461.1_hypothetical_protein_FD754_010617|IPR003599|IG_3c|56-157,102,102x3
Cervus_canadensis_XP_0433128081_CMRF35-like_molecule_6_isoform_X1IPR003599IG_3c28-129,Cervus_canadensis_XP_043312808.1_CMRF35-like_molecule_6_isoform_X1|IPR003599|IG_3c|28-129,102,102x3
Vicugna_pacos_XP_0315415711_CMRF35-like_molecule_2_isoform_X1IPR003599IG_3c40-145,Vicugna_pacos_XP_031541571.1_CMRF35-like_molecule_2_isoform_X1|IPR003599|IG_3c|40-145,106,106x3
Dama_dama_XP_0610009051_protein_CD300H-like_isoform_X1IPR003599IG_3c25-135,Dama_dama_XP_061000905.1_protein_CD300H-like_isoform_X1|IPR003599|IG_3c|25-135,111,111x3
Bos_javanicus_XP_0612458761_CMRF35-like_molecule_6IPR003599IG_3c31-132,Bos_javanicus_XP_061245876.1_CMRF35-like_molecule_6|IPR003599|IG_3c|31-132,102,102x3
Muntiacus_reevesi_KAB03672671_hypothetical_protein_FD755_020591IPR003599IG_3c32-142,Muntiacus_reevesi_KAB0367267.1_hypothetical_protein_FD755_020591|IPR003599|IG_3c|32-142,111,111x3
Ovis_aries_XDC600291_hypothetical_protein_R6Z07M_011211IPR003599IG_3c26-128,Ovis_aries_XDC60029.1_hypothetical_protein_R6Z07M_011211|IPR003599|IG_3c|26-128,103,103x3
Hippopotamus_amphibius_kiboko_XP_0575723111_CMRF35-like_molecule_8IPR003599IG_3c28-131,Hippopotamus_amphibius_kiboko_XP_057572311.1_CMRF35-like_molecule_8|IPR003599|IG_3c|28-131,104,104x3
Budorcas_taxicolor_XP_0525146111_CMRF35-like_molecule_6IPR003599IG_3c28-129,Budorcas_taxicolor_XP_052514611.1_CMRF35-like_molecule_6|IPR003599|IG_3c|28-129,102,102x3
Oryx_dammah_XP_0400915411_CMRF35-like_molecule_6_partialIPR003599IG_3c7-108,"Oryx_dammah_XP_040091541.1_CMRF35-like_molecule_6,_partial|IPR003599|IG_3c|7-108",102,102x3
Bubalus_bubalis_XP_0060398361_CMRF35-like_molecule_7IPR003599IG_3c21-120,Bubalus_bubalis_XP_006039836.1_CMRF35-like_molecule_7|IPR003599|IG_3c|21-120,100,100x3
Cervus_elaphus_XP_0437615471_CMRF35-like_molecule_6IPR003599IG_3c28-127,Cervus_elaphus_XP_043761547.1_CMRF35-like_molecule_6|IPR003599|IG_3c|28-127,100,100x3
Ovis_aries_XP_0278298381_CMRF35-like_molecule_1_isoform_X1IPR003599IG_3c22-122,Ovis_aries_XP_027829838.1_CMRF35-like_molecule_1_isoform_X1|IPR003599|IG_3c|22-122,101,101x3
Budorcas_taxicolor_XP_0525146081_CMRF35-like_molecule_2IPR003599IG_3c21-126,Budorcas_taxicolor_XP_052514608.1_CMRF35-like_molecule_2|IPR003599|IG_3c|21-126,106,106x3
Camelus_ferus_XP_0323128061_CMRF35-like_molecule_8_isoform_X1IPR003599IG_3c28-129,Camelus_ferus_XP_032312806.1_CMRF35-like_molecule_8_isoform_X1|IPR003599|IG_3c|28-129,102,102x3
Dama_dama_XP_0610008981_CMRF35-like_molecule_2IPR003599IG_3c21-126,Dama_dama_XP_061000898.1_CMRF35-like_molecule_2|IPR003599|IG_3c|21-126,106,106x3
Odocoileus_virginianus_texanus_XP_0207722191_CMRF35-like_molecule_2IPR003599IG_3c21-126,Odocoileus_virginianus_texanus_XP_020772219.1_CMRF35-like_molecule_2|IPR003599|IG_3c|21-126,106,106x3
Phocoena_sinus_ENSPSNT000000244681IPR003599IG_3c22-122,Phocoena_sinus_ENSPSNT00000024468.1|IPR003599|IG_3c|22-122,101,101x3
Tursiops_truncatus_XP_0043182092_PREDICTED_CMRF35-like_molecule_1_isoform_X1IPR003599IG_3c22-123,Tursiops_truncatus_XP_004318209.2_PREDICTED:_CMRF35-like_molecule_1_isoform_X1|IPR003599|IG_3c|22-123,102,102x3
Cervus_elaphus_XP_0437615521_CMRF35-like_molecule_5_isoform_X1IPR003599IG_3c26-127,Cervus_elaphus_XP_043761552.1_CMRF35-like_molecule_5_isoform_X1|IPR003599|IG_3c|26-127,102,102x3
Bos_taurus_DAA181711_TPA_immune_receptor_expressed_on_myeloid_cells_splice-likeIPR003599IG_3c64-165,Bos_taurus_DAA18171.1_TPA:_immune_receptor_expressed_on_myeloid_cells_splice-like|IPR003599|IG_3c|64-165,102,102x3
Capra_hircus_XP_0179195141_PREDICTED_CMRF35-like_molecule_4IPR003599IG_3c26-128,Capra_hircus_XP_017919514.1_PREDICTED:_CMRF35-like_molecule_4|IPR003599|IG_3c|26-128,103,103x3
Moschus_berezovskii_XP_0552646471_LOW_QUALITY_PROTEIN_CMRF35-like_molecule_7IPR003599IG_3c21-122,Moschus_berezovskii_XP_055264647.1_LOW_QUALITY_PROTEIN:_CMRF35-like_molecule_7|IPR003599|IG_3c|21-122,101,101x3
Cervus_canadensis_XP_0433139181_CMRF35-like_molecule_1_isoform_X1IPR003599IG_3c22-123,Cervus_canadensis_XP_043313918.1_CMRF35-like_molecule_1_isoform_X1|IPR003599|IG_3c|22-123,102,102x3
Lipotes_vexillifer_XP_0074544451_PREDICTED_CMRF35-like_molecule_8IPR003599IG_3c28-127,Lipotes_vexillifer_XP_007454445.1_PREDICTED:_CMRF35-like_molecule_8|IPR003599|IG_3c|28-127,100,100x3
Physeter_catodon_ENSPCTT000050197911IPR003599IG_3c22-122,Physeter_catodon_ENSPCTT00005019791.1|IPR003599|IG_3c|22-122,101,101x3
Homo_sapiens_NP_8521142_CD300EIPR003599IG_3c21-128,Homo_sapiens_NP_852114.2_CD300E|IPR003599|IG_3c|21-128,108,108x3
Odocoileus_virginianus_texanus_XP_0207283911_CMRF35-like_molecule_7IPR003599IG_3c21-122,Odocoileus_virginianus_texanus_XP_020728391.1_CMRF35-like_molecule_7|IPR003599|IG_3c|21-122,102,102x3
Phacochoerus_africanus_XP_0476146731_CMRF35-like_molecule_8IPR003599IG_3c28-128,Phacochoerus_africanus_XP_047614673.1_CMRF35-like_molecule_8|IPR003599|IG_3c|28-128,101,101x3
Bison_bison_bison_XP_0108544191_PREDICTED_CMRF35-like_molecule_2IPR003599IG_3c21-131,Bison_bison_bison_XP_010854419.1_PREDICTED:_CMRF35-like_molecule_2|IPR003599|IG_3c|21-131,111,111x3
Neophocaena_asiaeorientalis_asiaeorientalis_XP_0246164541_CMRF35-like_molecule_1_isoform_X1IPR003599IG_3c22-121,Neophocaena_asiaeorientalis_asiaeorientalis_XP_024616454.1_CMRF35-like_molecule_1_isoform_X1|IPR003599|IG_3c|22-121,100,100x3
Dama_dama_XP_0610009281_CMRF35-like_molecule_8_isoform_X1IPR003599IG_3c28-129,Dama_dama_XP_061000928.1_CMRF35-like_molecule_8_isoform_X1|IPR003599|IG_3c|28-129,102,102x3
Cervus_canadensis_XP_0433126691_CMRF35-like_molecule_7_isoform_X1IPR003599IG_3c21-122,Cervus_canadensis_XP_043312669.1_CMRF35-like_molecule_7_isoform_X1|IPR003599|IG_3c|21-122,102,102x3
Homo_sapiens_NP_0013110021_CD300HIPR003599IG_3c28-138,Homo_sapiens_NP_001311002.1_CD300H|IPR003599|IG_3c|28-138,111,111x3
Bos_javanicus_XP_0612488981_CMRF35-like_molecule_5IPR003599IG_3c26-127,Bos_javanicus_XP_061248898.1_CMRF35-like_molecule_5|IPR003599|IG_3c|26-127,102,102x3
Camelus_bactrianus_XP_0109492912_CMRF35-like_molecule_5_isoform_X1IPR003599IG_3c26-127,Camelus_bactrianus_XP_010949291.2_CMRF35-like_molecule_5_isoform_X1|IPR003599|IG_3c|26-127,102,102x3
Bos_mutus_XP_0059080432_PREDICTED_CMRF35-like_molecule_2IPR003599IG_3c21-126,Bos_mutus_XP_005908043.2_PREDICTED:_CMRF35-like_molecule_2|IPR003599|IG_3c|21-126,106,106x3
Camelus_dromedarius_XP_0109970031_CMRF35-like_molecule_6IPR003599IG_3c28-129,Camelus_dromedarius_XP_010997003.1_CMRF35-like_molecule_6|IPR003599|IG_3c|28-129,102,102x3
Hippopotamus_amphibius_kiboko_XP_0575728941_CMRF35-like_molecule_1_isoform_X1IPR003599IG_3c22-123,Hippopotamus_amphibius_kiboko_XP_057572894.1_CMRF35-like_molecule_1_isoform_X1|IPR003599|IG_3c|22-123,102,102x3
Homo_sapiens_NP_0011086241_CD300LDIPR003599IG_3c24-125,Homo_sapiens_NP_001108624.1_CD300LD|IPR003599|IG_3c|24-125,102,102x3
Muntiacus_reevesi_XP_0657659331_CMRF35-like_molecule_5IPR003599IG_3c87-188,Muntiacus_reevesi_XP_065765933.1_CMRF35-like_molecule_5|IPR003599|IG_3c|87-188,102,102x3
Capricornis_sumatraensis_XP_0688336261_CMRF35-like_molecule_6IPR003599IG_3c28-129,Capricornis_sumatraensis_XP_068833626.1_CMRF35-like_molecule_6|IPR003599|IG_3c|28-129,102,102x3
Eschrichtius_robustus_XP_0683869911_CMRF35-like_molecule_1IPR003599IG_3c13-112,Eschrichtius_robustus_XP_068386991.1_CMRF35-like_molecule_1|IPR003599|IG_3c|13-112,100,100x3
Oryx_dammah_XP_0401004141_CMRF35-like_molecule_8_isoform_X1IPR003599IG_3c28-129,Oryx_dammah_XP_040100414.1_CMRF35-like_molecule_8_isoform_X1|IPR003599|IG_3c|28-129,102,102x3
Vicugna_pacos_XP_0150907381_CMRF35-like_molecule_8_isoform_X1IPR003599IG_3c28-129,Vicugna_pacos_XP_015090738.1_CMRF35-like_molecule_8_isoform_X1|IPR003599|IG_3c|28-129,102,102x3
Rangifer_tarandus_platyrhynchus_CAI91638721_unnamed_protein_productIPR003599IG_3c21-122,Rangifer_tarandus_platyrhynchus_CAI9163872.1_unnamed_protein_product|IPR003599|IG_3c|21-122,102,102x3
Moschus_berezovskii_XP_0552646421_CMRF35-like_molecule_6_isoform_X1IPR003599IG_3c28-129,Moschus_berezovskii_XP_055264642.1_CMRF35-like_molecule_6_isoform_X1|IPR003599|IG_3c|28-129,102,102x3
Odocoileus_virginianus_texanus_XP_0207284211_CMRF35-like_molecule_1_isoform_X2IPR003599IG_3c22-123,Odocoileus_virginianus_texanus_XP_020728421.1_CMRF35-like_molecule_1_isoform_X2|IPR003599|IG_3c|22-123,102,102x3
Moschus_berezovskii_XP_0552646391_CMRF35-like_molecule_2_isoform_X1IPR003599IG_3c42-147,Moschus_berezovskii_XP_055264639.1_CMRF35-like_molecule_2_isoform_X1|IPR003599|IG_3c|42-147,106,106x3
Camelus_bactrianus_XP_0109492901_CMRF35-like_molecule_2IPR003599IG_3c21-126,Camelus_bactrianus_XP_010949290.1_CMRF35-like_molecule_2|IPR003599|IG_3c|21-126,106,106x3
Muntiacus_reevesi_XP_0657654231_CMRF35-like_molecule_1_isoform_X1IPR003599IG_3c22-123,Muntiacus_reevesi_XP_065765423.1_CMRF35-like_molecule_1_isoform_X1|IPR003599|IG_3c|22-123,102,102x3
Homo_sapiens_XP_0052570471_CD300AIPR003599IG_3c21-123,Homo_sapiens_XP_005257047.1_CD300A|IPR003599|IG_3c|21-123,103,103x3
Bos_javanicus_XP_0612488961_CMRF35-like_molecule_2IPR003599IG_3c21-126,Bos_javanicus_XP_061248896.1_CMRF35-like_molecule_2|IPR003599|IG_3c|21-126,106,106x3
Bubalus_kerabau_XP_0554357791_CMRF35-like_molecule_8IPR003599IG_3c28-129,Bubalus_kerabau_XP_055435779.1_CMRF35-like_molecule_8|IPR003599|IG_3c|28-129,102,102x3
Oryx_dammah_XP_0401004191_CMRF35-like_molecule_7IPR003599IG_3c21-122,Oryx_dammah_XP_040100419.1_CMRF35-like_molecule_7|IPR003599|IG_3c|21-122,102,102x3
Bubalus_kerabau_XP_0554355521_CMRF35-like_molecule_6IPR003599IG_3c28-129,Bubalus_kerabau_XP_055435552.1_CMRF35-like_molecule_6|IPR003599|IG_3c|28-129,102,102x3
Phocoena_phocoena_XP_0657535091_CMRF35-like_molecule_8IPR003599IG_3c28-127,Phocoena_phocoena_XP_065753509.1_CMRF35-like_molecule_8|IPR003599|IG_3c|28-127,100,100x3
Capra_hircus_XFF887771_hypothetical_protein_AB1E18_014996IPR003599IG_3c21-131,Capra_hircus_XFF88777.1_hypothetical_protein_AB1E18_014996|IPR003599|IG_3c|21-131,111,111x3
Rangifer_tarandus_platyrhynchus_CAI91638651_unnamed_protein_productIPR003599IG_3c26-127,Rangifer_tarandus_platyrhynchus_CAI9163865.1_unnamed_protein_product|IPR003599|IG_3c|26-127,102,102x3
Dama_dama_XP_0609972581_CMRF35-like_molecule_5IPR003599IG_3c26-127,Dama_dama_XP_060997258.1_CMRF35-like_molecule_5|IPR003599|IG_3c|26-127,102,102x3
Lagenorhynchus_obliquidens_XP_0269363681_CMRF35-like_molecule_1_isoform_X1IPR003599IG_3c22-123,Lagenorhynchus_obliquidens_XP_026936368.1_CMRF35-like_molecule_1_isoform_X1|IPR003599|IG_3c|22-123,102,102x3
Balaenoptera_musculus_XP_0366940991_CMRF35-like_molecule_1_isoform_X1IPR003599IG_3c21-120,Balaenoptera_musculus_XP_036694099.1_CMRF35-like_molecule_1_isoform_X1|IPR003599|IG_3c|21-120,100,100x3
Pseudorca_crassidens_XP_0675708681_CMRF35-like_molecule_8IPR003599IG_3c28-129,Pseudorca_crassidens_XP_067570868.1_CMRF35-like_molecule_8|IPR003599|IG_3c|28-129,102,102x3
HomoIPR003599IG_3c28-129,Homo|IPR003599|IG_3c|28-129,102,102x3
Capricornis_sumatraensis_XP_0688351371_CMRF35-like_molecule_8IPR003599IG_3c28-131,Capricornis_sumatraensis_XP_068835137.1_CMRF35-like_molecule_8|IPR003599|IG_3c|28-131,104,104x3
Camelus_dromedarius_XP_0313248781_CMRF35-like_molecule_2_isoform_X1IPR003599IG_3c40-145,Camelus_dromedarius_XP_031324878.1_CMRF35-like_molecule_2_isoform_X1|IPR003599|IG_3c|40-145,106,106x3
Camelus_bactrianus_XP_0453693671_CMRF35-like_molecule_5IPR003599IG_3c26-127,Camelus_bactrianus_XP_045369367.1_CMRF35-like_molecule_5|IPR003599|IG_3c|26-127,102,102x3
Bos_taurus_DAA181731_TPA_CD300_molecule-like_family_member_d-likeIPR003599IG_3c84-185,Bos_taurus_DAA18173.1_TPA:_CD300_molecule-like_family_member_d-like|IPR003599|IG_3c|84-185,102,102x3
Muntiacus_muntjak_KAB03373561_hypothetical_protein_FD754_025235_partialIPR003599IG_3c5-106,"Muntiacus_muntjak_KAB0337356.1_hypothetical_protein_FD754_025235,_partial|IPR003599|IG_3c|5-106",102,102x3
Muntiacus_reevesi_KAB03672681_hypothetical_protein_FD755_020592IPR003599IG_3c28-129,Muntiacus_reevesi_KAB0367268.1_hypothetical_protein_FD755_020592|IPR003599|IG_3c|28-129,102,102x3
Ovis_aries_XDC800751_hypothetical_protein_R6Z07F_011248IPR003599IG_3c21-122,Ovis_aries_XDC80075.1_hypothetical_protein_R6Z07F_011248|IPR003599|IG_3c|21-122,102,102x3
Pantholops_hodgsonii_XP_0059852511_PREDICTED_CMRF35-like_molecule_2-likeIPR003599IG_3c21-131,Pantholops_hodgsonii_XP_005985251.1_PREDICTED:_CMRF35-like_molecule_2-like|IPR003599|IG_3c|21-131,111,111x3
Sousa_chinensis_TEA307961_hypothetical_protein_DBR06_SOUSAS4110267IPR003599IG_3c22-123,Sousa_chinensis_TEA30796.1_hypothetical_protein_DBR06_SOUSAS4110267|IPR003599|IG_3c|22-123,102,102x3
Bos_mutus_ELR451321_hypothetical_protein_M91_02416IPR003599IG_3c28-129,Bos_mutus_ELR45132.1_hypothetical_protein_M91_02416|IPR003599|IG_3c|28-129,102,102x3
Bos_javanicus_XP_0612488871_CMRF35-like_molecule_1_isoform_X1IPR003599IG_3c22-123,Bos_javanicus_XP_061248887.1_CMRF35-like_molecule_1_isoform_X1|IPR003599|IG_3c|22-123,102,102x3
Budorcas_taxicolor_XP_0525146141_CMRF35-like_molecule_7IPR003599IG_3c183-284,Budorcas_taxicolor_XP_052514614.1_CMRF35-like_molecule_7|IPR003599|IG_3c|183-284,102,102x3
Ovis_ammon_polii_KAI45339381_hypothetical_protein_MG293_016957IPR003599IG_3c598-699,Ovis_ammon_polii_KAI4533938.1_hypothetical_protein_MG293_016957|IPR003599|IG_3c|598-699,102,102x3
Pantholops_hodgsonii_XP_0059852941_PREDICTED_CMRF35-like_molecule_4-likeIPR003599IG_3c26-128,Pantholops_hodgsonii_XP_005985294.1_PREDICTED:_CMRF35-like_molecule_4-like|IPR003599|IG_3c|26-128,103,103x3
Odocoileus_virginianus_texanus_XP_0207284231_CMRF35-like_molecule_6IPR003599IG_3c28-127,Odocoileus_virginianus_texanus_XP_020728423.1_CMRF35-like_molecule_6|IPR003599|IG_3c|28-127,100,100x3
Bubalus_kerabau_XP_0554355511_CMRF35-like_molecule_7IPR003599IG_3c21-120,Bubalus_kerabau_XP_055435551.1_CMRF35-like_molecule_7|IPR003599|IG_3c|21-120,100,100x3
Pantholops_hodgsonii_XP_0059852521_PREDICTED_CMRF35-like_molecule_4-likeIPR003599IG_3c26-128,Pantholops_hodgsonii_XP_005985252.1_PREDICTED:_CMRF35-like_molecule_4-like|IPR003599|IG_3c|26-128,103,103x3
Phacochoerus_africanus_XP_0476144711_CMRF35-like_molecule_5_isoform_X1IPR003599IG_3c26-127,Phacochoerus_africanus_XP_047614471.1_CMRF35-like_molecule_5_isoform_X1|IPR003599|IG_3c|26-127,102,102x3
Pseudorca_crassidens_XP_0675708621_CMRF35-like_molecule_1_isoform_X1IPR003599IG_3c22-123,Pseudorca_crassidens_XP_067570862.1_CMRF35-like_molecule_1_isoform_X1|IPR003599|IG_3c|22-123,102,102x3
Bos_taurus_NP_0011793851_CMRF35-like_molecule_8_precursorIPR003599IG_3c28-129,Bos_taurus_NP_001179385.1_CMRF35-like_molecule_8_precursor|IPR003599|IG_3c|28-129,102,102x3
Cervus_elaphus_XP_0437615501_CMRF35-like_molecule_6_isoform_X1IPR003599IG_3c28-127,Cervus_elaphus_XP_043761550.1_CMRF35-like_molecule_6_isoform_X1|IPR003599|IG_3c|28-127,100,100x3
Bubalus_kerabau_XP_0554357801_CMRF35-like_molecule_2IPR003599IG_3c21-126,Bubalus_kerabau_XP_055435780.1_CMRF35-like_molecule_2|IPR003599|IG_3c|21-126,106,106x3
Camelus_dromedarius_KAB12661891_Protein_CD300HIPR003599IG_3c28-129,Camelus_dromedarius_KAB1266189.1_Protein_CD300H|IPR003599|IG_3c|28-129,102,102x3
Sus_scrofa_ENSSSCT000000187655IPR003599IG_3c28-130,Sus_scrofa_ENSSSCT00000018765.5|IPR003599|IG_3c|28-130,103,103x3
Muntiacus_muntjak_KAB03382431_hypothetical_protein_FD754_024714IPR003599IG_3c28-129,Muntiacus_muntjak_KAB0338243.1_hypothetical_protein_FD754_024714|IPR003599|IG_3c|28-129,102,102x3
Vicugna_pacos_XP_0150907391_CMRF35-like_molecule_7IPR003599IG_3c21-122,Vicugna_pacos_XP_015090739.1_CMRF35-like_molecule_7|IPR003599|IG_3c|21-122,102,102x3
Bos_mutus_XP_0143377171_PREDICTED_uncharacterized_protein_LOC102271588IPR003599IG_3c119-220,Bos_mutus_XP_014337717.1_PREDICTED:_uncharacterized_protein_LOC102271588|IPR003599|IG_3c|119-220,102,102x3
Muntiacus_muntjak_KAB03569841_hypothetical_protein_FD754_001140IPR003599IG_3c23-124,Muntiacus_muntjak_KAB0356984.1_hypothetical_protein_FD754_001140|IPR003599|IG_3c|23-124,102,102x3
Sus_scrofa_XP_0031312783_CMRF35-like_molecule_6_isoform_X1IPR003599IG_3c84-194,Sus_scrofa_XP_003131278.3_CMRF35-like_molecule_6_isoform_X1|IPR003599|IG_3c|84-194,111,111x3
Cervus_canadensis_XP_0433131881_CMRF35-like_molecule_5IPR003599IG_3c26-127,Cervus_canadensis_XP_043313188.1_CMRF35-like_molecule_5|IPR003599|IG_3c|26-127,102,102x3
Kogia_breviceps_XP_0668771521_CMRF35-like_molecule_8_isoform_X2IPR003599IG_3c100-199,Kogia_breviceps_XP_066877152.1_CMRF35-like_molecule_8_isoform_X2|IPR003599|IG_3c|100-199,100,100x3
Bos_taurus_DAA181721_TPA_CD300e_antigen-likeIPR003599IG_3c21-126,Bos_taurus_DAA18172.1_TPA:_CD300e_antigen-like|IPR003599|IG_3c|21-126,106,106x3
Muntiacus_muntjak_KAB03664591_hypothetical_protein_FD754_010615IPR003599IG_3c6-111,Muntiacus_muntjak_KAB0366459.1_hypothetical_protein_FD754_010615|IPR003599|IG_3c|6-111,106,106x3
Camelus_ferus_XP_0323128001_CMRF35-like_molecule_6_isoform_X1IPR003599IG_3c28-129,Camelus_ferus_XP_032312800.1_CMRF35-like_molecule_6_isoform_X1|IPR003599|IG_3c|28-129,102,102x3
Homo_sapiens_NP_7775523_CD300LBIPR003599IG_3c21-122,Homo_sapiens_NP_777552.3_CD300LB|IPR003599|IG_3c|21-122,102,102x3
Balaenoptera_ricei_XP_0597631891_CMRF35-like_molecule_1_isoform_X1IPR003599IG_3c21-120,Balaenoptera_ricei_XP_059763189.1_CMRF35-like_molecule_1_isoform_X1|IPR003599|IG_3c|21-120,100,100x3
Lipotes_vexillifer_XP_0074544621_PREDICTED_LOW_QUALITY_PROTEIN_CMRF35-like_molecule_1IPR003599IG_3c69-168,Lipotes_vexillifer_XP_007454462.1_PREDICTED:_LOW_QUALITY_PROTEIN:_CMRF35-like_molecule_1|IPR003599|IG_3c|69-168,100,100x3
Sus_scrofa_ENSSSCT000000857792IPR003599IG_3c306-406,Sus_scrofa_ENSSSCT00000085779.2|IPR003599|IG_3c|306-406,101,101x3
Muntiacus_muntjak_KAB03381471_hypothetical_protein_FD754_024784_partialIPR003599IG_3c5-106,"Muntiacus_muntjak_KAB0338147.1_hypothetical_protein_FD754_024784,_partial|IPR003599|IG_3c|5-106",102,102x3
Budorcas_taxicolor_XP_0525146091_CMRF35-like_molecule_5IPR003599IG_3c26-128,Budorcas_taxicolor_XP_052514609.1_CMRF35-like_molecule_5|IPR003599|IG_3c|26-128,103,103x3
Bos_javanicus_XP_0612489021_CMRF35-like_molecule_8IPR003599IG_3c28-131,Bos_javanicus_XP_061248902.1_CMRF35-like_molecule_8|IPR003599|IG_3c|28-131,104,104x3
Cervus_canadensis_XP_0433124871_CMRF35-like_molecule_8_isoform_X1IPR003599IG_3c28-129,Cervus_canadensis_XP_043312487.1_CMRF35-like_molecule_8_isoform_X1|IPR003599|IG_3c|28-129,102,102x3
Dama_dama_XP_0610009091_CMRF35-like_molecule_6IPR003599IG_3c28-129,Dama_dama_XP_061000909.1_CMRF35-like_molecule_6|IPR003599|IG_3c|28-129,102,102x3
Vicugna_pacos_XP_0315415641_CMRF35-like_molecule_1_isoform_X1IPR003599IG_3c37-138,Vicugna_pacos_XP_031541564.1_CMRF35-like_molecule_1_isoform_X1|IPR003599|IG_3c|37-138,102,102x3
Orcinus_orca_XP_0123906021_CMRF35-like_molecule_1_isoform_X1IPR003599IG_3c22-123,Orcinus_orca_XP_012390602.1_CMRF35-like_molecule_1_isoform_X1|IPR003599|IG_3c|22-123,102,102x3
Eubalaena_glacialis_XP_0610316631_CMRF35-like_molecule_1IPR003599IG_3c21-120,Eubalaena_glacialis_XP_061031663.1_CMRF35-like_molecule_1|IPR003599|IG_3c|21-120,100,100x3
Eubalaena_glacialis_XP_0610319681_CMRF35-like_molecule_8IPR003599IG_3c28-129,Eubalaena_glacialis_XP_061031968.1_CMRF35-like_molecule_8|IPR003599|IG_3c|28-129,102,102x3
Bos_mutus_MXQ870371_hypothetical_protein_E5288_WYG007651IPR003599IG_3c22-123,Bos_mutus_MXQ87037.1_hypothetical_protein_E5288_WYG007651|IPR003599|IG_3c|22-123,102,102x3
Globicephala_melas_XP_0306934291_CMRF35-like_molecule_1_isoform_X1IPR003599IG_3c22-123,Globicephala_melas_XP_030693429.1_CMRF35-like_molecule_1_isoform_X1|IPR003599|IG_3c|22-123,102,102x3
Dama_dama_XP_0610009001_CMRF35-like_molecule_9_isoform_X1IPR003599IG_3c26-127,Dama_dama_XP_061000900.1_CMRF35-like_molecule_9_isoform_X1|IPR003599|IG_3c|26-127,102,102x3
Camelus_bactrianus_XP_0453695621_CMRF35-like_molecule_1IPR003599IG_3c37-138,Camelus_bactrianus_XP_045369562.1_CMRF35-like_molecule_1|IPR003599|IG_3c|37-138,102,102x3
Vicugna_pacos_XP_0315415791_CMRF35-like_molecule_7IPR003599IG_3c26-127,Vicugna_pacos_XP_031541579.1_CMRF35-like_molecule_7|IPR003599|IG_3c|26-127,102,102x3
Moschus_berezovskii_XP_0552646411_protein_CD300H-likeIPR003599IG_3c21-131,Moschus_berezovskii_XP_055264641.1_protein_CD300H-like|IPR003599|IG_3c|21-131,111,111x3
Bos_taurus_XP_0153237661_PREDICTED_CMRF35-like_molecule_6IPR003599IG_3c28-129,Bos_taurus_XP_015323766.1_PREDICTED:_CMRF35-like_molecule_6|IPR003599|IG_3c|28-129,102,102x3
Balaenoptera_ricei_XP_0597637061_CMRF35-like_molecule_8IPR003599IG_3c28-127,Balaenoptera_ricei_XP_059763706.1_CMRF35-like_molecule_8|IPR003599|IG_3c|28-127,100,100x3
Camelus_dromedarius_KAB12654771_CMRF35-like_molecule_1IPR003599IG_3c3-104,Camelus_dromedarius_KAB1265477.1_CMRF35-like_molecule_1|IPR003599|IG_3c|3-104,102,102x3
Oryx_dammah_XP_0400918641_CMRF35-like_molecule_6_partialIPR003599IG_3c28-129,"Oryx_dammah_XP_040091864.1_CMRF35-like_molecule_6,_partial|IPR003599|IG_3c|28-129",102,102x3
Capra_hircus_XP_0138281132_PREDICTED_CMRF35-like_molecule_8_isoform_X1IPR003599IG_3c28-129,Capra_hircus_XP_013828113.2_PREDICTED:_CMRF35-like_molecule_8_isoform_X1|IPR003599|IG_3c|28-129,102,102x3
Capra_hircus_KAJ10720591_hypothetical_protein_K5549_013926IPR003599IG_3c26-128,Capra_hircus_KAJ1072059.1_hypothetical_protein_K5549_013926|IPR003599|IG_3c|26-128,103,103x3
Ovibos_moschatus_KAL12870921_CD300CIPR003599IG_3c28-129,Ovibos_moschatus_KAL1287092.1_CD300C|IPR003599|IG_3c|28-129,102,102x3
Rangifer_tarandus_platyrhynchus_CAI97004201_unnamed_protein_productIPR003599IG_3c28-125,Rangifer_tarandus_platyrhynchus_CAI9700420.1_unnamed_protein_product|IPR003599|IG_3c|28-125,98,98x3
Camelus_ferus_XP_0144072631_CMRF35-like_molecule_7_isoform_X1IPR003599IG_3c21-122,Camelus_ferus_XP_014407263.1_CMRF35-like_molecule_7_isoform_X1|IPR003599|IG_3c|21-122,102,102x3
Orcinus_orca_XP_0332943161_CMRF35-like_molecule_8_isoform_X1IPR003599IG_3c37-136,Orcinus_orca_XP_033294316.1_CMRF35-like_molecule_8_isoform_X1|IPR003599|IG_3c|37-136,100,100x3
Phacochoerus_africanus_XP_0476140791_LOW_QUALITY_PROTEIN_CMRF35-like_molecule_6IPR003599IG_3c28-128,Phacochoerus_africanus_XP_047614079.1_LOW_QUALITY_PROTEIN:_CMRF35-like_molecule_6|IPR003599|IG_3c|28-128,101,101x3
Bos_javanicus_XP_0612489011_protein_CD300H-likeIPR003599IG_3c21-131,Bos_javanicus_XP_061248901.1_protein_CD300H-like|IPR003599|IG_3c|21-131,111,111x3
Ovis_aries_XP_0149538921_PREDICTED_CMRF35-like_molecule_8_isoform_X1IPR003599IG_3c172-273,Ovis_aries_XP_014953892.1_PREDICTED:_CMRF35-like_molecule_8_isoform_X1|IPR003599|IG_3c|172-273,102,102x3
Phocoena_sinus_XP_0324723691_CMRF35-like_molecule_1_isoform_X1IPR003599IG_3c22-121,Phocoena_sinus_XP_032472369.1_CMRF35-like_molecule_1_isoform_X1|IPR003599|IG_3c|22-121,100,100x3
Balaenoptera_physalus_KAB04006821_hypothetical_protein_E2I00_008307_partialIPR003599IG_3c80-179,"Balaenoptera_physalus_KAB0400682.1_hypothetical_protein_E2I00_008307,_partial|IPR003599|IG_3c|80-179",100,100x3
Bison_bison_bison_XP_0108547891_PREDICTED_CMRF35-like_molecule_8IPR003599IG_3c47-148,Bison_bison_bison_XP_010854789.1_PREDICTED:_CMRF35-like_molecule_8|IPR003599|IG_3c|47-148,102,102x3
Eschrichtius_robustus_XP_0683873031_CMRF35-like_molecule_8IPR003599IG_3c28-127,Eschrichtius_robustus_XP_068387303.1_CMRF35-like_molecule_8|IPR003599|IG_3c|28-127,100,100x3
Muntiacus_muntjak_KAB03382381_hypothetical_protein_FD754_024718IPR003599IG_3c28-129,Muntiacus_muntjak_KAB0338238.1_hypothetical_protein_FD754_024718|IPR003599|IG_3c|28-129,102,102x3
Camelus_ferus_XP_0323127941_CMRF35-like_molecule_2_isoform_X1IPR003599IG_3c40-145,Camelus_ferus_XP_032312794.1_CMRF35-like_molecule_2_isoform_X1|IPR003599|IG_3c|40-145,106,106x3
Dama_dama_XP_0610008831_CMRF35-like_molecule_1_isoform_X1IPR003599IG_3c22-123,Dama_dama_XP_061000883.1_CMRF35-like_molecule_1_isoform_X1|IPR003599|IG_3c|22-123,102,102x3
Bison_bison_bison_XP_0108544111_PREDICTED_CMRF35-like_molecule_7_isoform_X1IPR003599IG_3c21-120,Bison_bison_bison_XP_010854411.1_PREDICTED:_CMRF35-like_molecule_7_isoform_X1|IPR003599|IG_3c|21-120,100,100x3
Cervus_canadensis_XP_0433133971_CMRF35-like_molecule_5IPR003599IG_3c26-127,Cervus_canadensis_XP_043313397.1_CMRF35-like_molecule_5|IPR003599|IG_3c|26-127,102,102x3
Cervus_elaphus_hippelaphus_OWK154221_hypothetical_protein_Celaphus_00001666_partialIPR003599IG_3c78-179,"Cervus_elaphus_hippelaphus_OWK15422.1_hypothetical_protein_Celaphus_00001666,_partial|IPR003599|IG_3c|78-179",102,102x3
Balaenoptera_acutorostrata_XP_0280231632_CMRF35-like_molecule_8IPR003599IG_3c28-127,Balaenoptera_acutorostrata_XP_028023163.2_CMRF35-like_molecule_8|IPR003599|IG_3c|28-127,100,100x3
Muntiacus_reevesi_XP_0657659541_CMRF35-like_molecule_8IPR003599IG_3c28-129,Muntiacus_reevesi_XP_065765954.1_CMRF35-like_molecule_8|IPR003599|IG_3c|28-129,102,102x3
Phocoena_sinus_XP_0324711161_CMRF35-like_molecule_8_isoform_X1IPR003599IG_3c217-316,Phocoena_sinus_XP_032471116.1_CMRF35-like_molecule_8_isoform_X1|IPR003599|IG_3c|217-316,100,100x3
Capra_hircus_KAJ10723711_hypothetical_protein_K5549_017616_partialIPR003599IG_3c26-128,"Capra_hircus_KAJ1072371.1_hypothetical_protein_K5549_017616,_partial|IPR003599|IG_3c|26-128",103,103x3
Vicugna_pacos_XP_0150907421_CMRF35-like_molecule_5IPR003599IG_3c26-127,Vicugna_pacos_XP_015090742.1_CMRF35-like_molecule_5|IPR003599|IG_3c|26-127,102,102x3
Bos_javanicus_XP_0612489001_CMRF35-like_molecule_7IPR003599IG_3c21-120,Bos_javanicus_XP_061248900.1_CMRF35-like_molecule_7|IPR003599|IG_3c|21-120,100,100x3
Ovis_aries_KAG52028321_hypothetical_protein_JEQ12_002415IPR003599IG_3c21-126,Ovis_aries_KAG5202832.1_hypothetical_protein_JEQ12_002415|IPR003599|IG_3c|21-126,106,106x3
Cervus_elaphus_XP_0437615451_CMRF35-like_molecule_2IPR003599IG_3c21-126,Cervus_elaphus_XP_043761545.1_CMRF35-like_molecule_2|IPR003599|IG_3c|21-126,106,106x3
Pantholops_hodgsonii_XP_0059852951_PREDICTED_CMRF35-like_molecule_2IPR003599IG_3c21-126,Pantholops_hodgsonii_XP_005985295.1_PREDICTED:_CMRF35-like_molecule_2|IPR003599|IG_3c|21-126,106,106x3
Budorcas_taxicolor_XP_0525146101_CMRF35-like_molecule_5IPR003599IG_3c26-128,Budorcas_taxicolor_XP_052514610.1_CMRF35-like_molecule_5|IPR003599|IG_3c|26-128,103,103x3
Camelus_dromedarius_XP_0643516471_CMRF35-like_molecule_7_isoform_X1IPR003599IG_3c21-122,Camelus_dromedarius_XP_064351647.1_CMRF35-like_molecule_7_isoform_X1|IPR003599|IG_3c|21-122,102,102x3
Cervus_canadensis_XP_0433132941_CMRF35-like_molecule_6IPR003599IG_3c28-127,Cervus_canadensis_XP_043313294.1_CMRF35-like_molecule_6|IPR003599|IG_3c|28-127,100,100x3
Bubalus_bubalis_XP_0251352261_CMRF35-like_molecule_9_isoform_X1IPR003599IG_3c28-129,Bubalus_bubalis_XP_025135226.1_CMRF35-like_molecule_9_isoform_X1|IPR003599|IG_3c|28-129,102,102x3
Bos_taurus_NP_0010984931_CMRF35-like_molecule_7_precursorIPR003599IG_3c21-120,Bos_taurus_NP_001098493.1_CMRF35-like_molecule_7_precursor|IPR003599|IG_3c|21-120,100,100x3
Budorcas_taxicolor_XP_0525146341_protein_CD300H-likeIPR003599IG_3c21-131,Budorcas_taxicolor_XP_052514634.1_protein_CD300H-like|IPR003599|IG_3c|21-131,111,111x3
Camelus_dromedarius_XP_0109970141_PREDICTED_CMRF35-like_molecule_4IPR003599IG_3c41-142,Camelus_dromedarius_XP_010997014.1_PREDICTED:_CMRF35-like_molecule_4|IPR003599|IG_3c|41-142,102,102x3
Camelus_ferus_XP_0323127841_CMRF35-like_molecule_1_isoform_X1IPR003599IG_3c37-138,Camelus_ferus_XP_032312784.1_CMRF35-like_molecule_1_isoform_X1|IPR003599|IG_3c|37-138,102,102x3
Budorcas_taxicolor_XP_0525147411_CMRF35-like_molecule_8IPR003599IG_3c28-129,Budorcas_taxicolor_XP_052514741.1_CMRF35-like_molecule_8|IPR003599|IG_3c|28-129,102,102x3
Globicephala_melas_XP_0601463461_CMRF35-like_molecule_8_isoform_X1IPR003599IG_3c37-138,Globicephala_melas_XP_060146346.1_CMRF35-like_molecule_8_isoform_X1|IPR003599|IG_3c|37-138,102,102x3
Bos_taurus_XP_0026962371_PREDICTED_CMRF35-like_molecule_4_isoform_X1IPR003599IG_3c26-127,Bos_taurus_XP_002696237.1_PREDICTED:_CMRF35-like_molecule_4_isoform_X1|IPR003599|IG_3c|26-127,102,102x3
Balaenoptera_acutorostrata_XP_0071856862_CMRF35-like_molecule_1_isoform_X1IPR003599IG_3c48-149,Balaenoptera_acutorostrata_XP_007185686.2_CMRF35-like_molecule_1_isoform_X1|IPR003599|IG_3c|48-149,102,102x3
Balaenoptera_physalus_KAB04006701_hypothetical_protein_E2I00_008295IPR003599IG_3c52-151,Balaenoptera_physalus_KAB0400670.1_hypothetical_protein_E2I00_008295|IPR003599|IG_3c|52-151,100,100x3
Ovibos_moschatus_KAL12870941_CD300HIPR003599IG_3c21-131,Ovibos_moschatus_KAL1287094.1_CD300H|IPR003599|IG_3c|21-131,111,111x3
