sequence_id,sequence_id_normalized,species_group,family,PC1,PC2
Physeter_catodon_ENSPCTT00005019791.1|IPR003599|IG_3c|22-122,Physeter_catodon_ENSPCTT00005019791.1|IPR003599|IG_3c|22-122,Cetacean,Cetacea,6.0826964,-1.6798638
Sus_scrofa_ENSSSCT00000085779.2|IPR003599|IG_3c|306-406,Sus_scrofa_ENSSSCT00000085779.2|IPR003599|IG_3c|306-406,Terrestrial_Artiodactyl,Suidae,5.7401414,-4.7314677
Tursiops_truncatus_ENSTTRT00000005191.1|IPR003599|IG_3c|22-122,Tursiops_truncatus_ENSTTRT00000005191.1|IPR003599|IG_3c|22-122,Cetacean,Cetacea,6.042245,-1.1746917
Phocoena_sinus_ENSPSNT00000024468.1|IPR003599|IG_3c|22-122,Phocoena_sinus_ENSPSNT00000024468.1|IPR003599|IG_3c|22-122,Cetacean,Cetacea,6.195143,-1.935169
Ovis_aries_XP_042112342.1_CMRF35-like_molecule_8_isoform_X1|IPR003599|IG_3c|26-128,Ovis_aries_XP_042112342.1_CMRF35-like_molecule_8_isoform_X1|IPR003599|IG_3c|26-128,Terrestrial_Artiodactyl,Bovidae,-9.044186,-12.427229
Capra_hircus_XP_017919353.1_PREDICTED:_CMRF35-like_molecule_1_isoform_X1|IPR003599|IG_3c|22-124,Capra_hircus_XP_017919353.1_PREDICTED_CMRF35-like_molecule_1_isoform_X1|IPR003599|IG_3c|22-124,Terrestrial_Artiodactyl,Bovidae,-8.723046,-12.050244
Capra_hircus_XP_017919514.1_PREDICTED:_CMRF35-like_molecule_4|IPR003599|IG_3c|26-128,Capra_hircus_XP_017919514.1_PREDICTED_CMRF35-like_molecule_4|IPR003599|IG_3c|26-128,Terrestrial_Artiodactyl,Bovidae,-8.37175,-12.033546
Ovis_aries_XDC60029.1_hypothetical_protein_R6Z07M_011211|IPR003599|IG_3c|26-128,Ovis_aries_XDC60029.1_hypothetical_protein_R6Z07M_011211|IPR003599|IG_3c|26-128,Terrestrial_Artiodactyl,Bovidae,-9.098641,-13.105598
Capra_hircus_KAJ1072371.1_hypothetical_protein_K5549_017616,_partial|IPR003599|IG_3c|26-128,Capra_hircus_KAJ1072371.1_hypothetical_protein_K5549_017616_partial|IPR003599|IG_3c|26-128,Terrestrial_Artiodactyl,Bovidae,-8.593265,-12.423179
Capra_hircus_KAJ1072059.1_hypothetical_protein_K5549_013926|IPR003599|IG_3c|26-128,Capra_hircus_KAJ1072059.1_hypothetical_protein_K5549_013926|IPR003599|IG_3c|26-128,Terrestrial_Artiodactyl,Bovidae,-8.606942,-12.229403
Capricornis_sumatraensis_XP_068832171.1_CMRF35-like_molecule_1|IPR003599|IG_3c|85-187,Capricornis_sumatraensis_XP_068832171.1_CMRF35-like_molecule_1|IPR003599|IG_3c|85-187,Terrestrial_Artiodactyl,Bovidae,-8.501189,-12.283689
Oryx_dammah_XP_040100420.1_CMRF35-like_molecule_5|IPR003599|IG_3c|26-127,Oryx_dammah_XP_040100420.1_CMRF35-like_molecule_5|IPR003599|IG_3c|26-127,Terrestrial_Artiodactyl,Bovidae,-2.1062074,-8.478764
Budorcas_taxicolor_XP_052514610.1_CMRF35-like_molecule_5|IPR003599|IG_3c|26-128,Budorcas_taxicolor_XP_052514610.1_CMRF35-like_molecule_5|IPR003599|IG_3c|26-128,Terrestrial_Artiodactyl,Bovidae,-8.100129,-12.650577
Budorcas_taxicolor_XP_052514609.1_CMRF35-like_molecule_5|IPR003599|IG_3c|26-128,Budorcas_taxicolor_XP_052514609.1_CMRF35-like_molecule_5|IPR003599|IG_3c|26-128,Terrestrial_Artiodactyl,Bovidae,-8.244883,-11.826651
Pantholops_hodgsonii_XP_005985294.1_PREDICTED:_CMRF35-like_molecule_4-like|IPR003599|IG_3c|26-128,Pantholops_hodgsonii_XP_005985294.1_PREDICTED_CMRF35-like_molecule_4-like|IPR003599|IG_3c|26-128,Terrestrial_Artiodactyl,Bovidae,-8.486615,-12.229788
Pantholops_hodgsonii_XP_005985252.1_PREDICTED:_CMRF35-like_molecule_4-like|IPR003599|IG_3c|26-128,Pantholops_hodgsonii_XP_005985252.1_PREDICTED_CMRF35-like_molecule_4-like|IPR003599|IG_3c|26-128,Terrestrial_Artiodactyl,Bovidae,-8.58413,-12.131825
Ovis_aries_XP_027829838.1_CMRF35-like_molecule_1_isoform_X1|IPR003599|IG_3c|22-122,Ovis_aries_XP_027829838.1_CMRF35-like_molecule_1_isoform_X1|IPR003599|IG_3c|22-122,Terrestrial_Artiodactyl,Bovidae,-10.955544,-10.431485
Moschus_berezovskii_XP_055264633.1_CMRF35-like_molecule_1_isoform_X1|IPR003599|IG_3c|22-123,Moschus_berezovskii_XP_055264633.1_CMRF35-like_molecule_1_isoform_X1|IPR003599|IG_3c|22-123,Terrestrial_Artiodactyl,Moschidae,-2.0963361,-8.7163925
Moschus_berezovskii_XP_055254043.1_CMRF35-like_molecule_7_isoform_X1|IPR003599|IG_3c|26-127,Moschus_berezovskii_XP_055254043.1_CMRF35-like_molecule_7_isoform_X1|IPR003599|IG_3c|26-127,Terrestrial_Artiodactyl,Moschidae,-1.9442413,-8.786996
Bison_bison_bison_XP_010854420.1_PREDICTED:_CMRF35-like_molecule_4|IPR003599|IG_3c|26-127,Bison_bison_bison_XP_010854420.1_PREDICTED_CMRF35-like_molecule_4|IPR003599|IG_3c|26-127,Terrestrial_Artiodactyl,Bovidae,-1.9808154,-8.244112
Bison_bison_bison_XP_010854425.1_PREDICTED:_CMRF35-like_molecule_1_isoform_X1|IPR003599|IG_3c|22-123,Bison_bison_bison_XP_010854425.1_PREDICTED_CMRF35-like_molecule_1_isoform_X1|IPR003599|IG_3c|22-123,Terrestrial_Artiodactyl,Bovidae,-2.0179489,-8.257692
Bos_javanicus_XP_061248899.1_CMRF35-like_molecule_5|IPR003599|IG_3c|26-127,Bos_javanicus_XP_061248899.1_CMRF35-like_molecule_5|IPR003599|IG_3c|26-127,Terrestrial_Artiodactyl,Bovidae,-1.7541305,-8.698832
Bos_taurus_DAA18171.1_TPA:_immune_receptor_expressed_on_myeloid_cells_splice-like|IPR003599|IG_3c|64-165,Bos_taurus_DAA18171.1_TPA_immune_receptor_expressed_on_myeloid_cells_splice-like|IPR003599|IG_3c|64-165,Terrestrial_Artiodactyl,Bovidae,-2.116552,-8.464286
Bos_taurus_DAA18173.1_TPA:_CD300_molecule-like_family_member_d-like|IPR003599|IG_3c|84-185,Bos_taurus_DAA18173.1_TPA_CD300_molecule-like_family_member_d-like|IPR003599|IG_3c|84-185,Terrestrial_Artiodactyl,Bovidae,-2.1205955,-8.3375025
Bubalus_kerabau_XP_055435556.1_CMRF-35-like_molecule_4|IPR003599|IG_3c|26-127,Bubalus_kerabau_XP_055435556.1_CMRF-35-like_molecule_4|IPR003599|IG_3c|26-127,Terrestrial_Artiodactyl,Bovidae,-2.3004522,-8.269631
Bubalus_kerabau_XP_055431039.1_CMRF35-like_molecule_1_isoform_X1|IPR003599|IG_3c|22-123,Bubalus_kerabau_XP_055431039.1_CMRF35-like_molecule_1_isoform_X1|IPR003599|IG_3c|22-123,Terrestrial_Artiodactyl,Bovidae,-2.220855,-8.321573
Bubalus_bubalis_XP_044794471.1_CMRF35-like_molecule_1_isoform_X1|IPR003599|IG_3c|22-123,Bubalus_bubalis_XP_044794471.1_CMRF35-like_molecule_1_isoform_X1|IPR003599|IG_3c|22-123,Terrestrial_Artiodactyl,Bovidae,-2.0021262,-8.155184
Bubalus_kerabau_XP_055435557.1_CMRF35-like_molecule_5|IPR003599|IG_3c|26-127,Bubalus_kerabau_XP_055435557.1_CMRF35-like_molecule_5|IPR003599|IG_3c|26-127,Terrestrial_Artiodactyl,Bovidae,-2.0516753,-8.350873
Bos_javanicus_XP_061248898.1_CMRF35-like_molecule_5|IPR003599|IG_3c|26-127,Bos_javanicus_XP_061248898.1_CMRF35-like_molecule_5|IPR003599|IG_3c|26-127,Terrestrial_Artiodactyl,Bovidae,-2.0696702,-7.8524227
Bos_taurus_XP_002696237.1_PREDICTED:_CMRF35-like_molecule_4_isoform_X1|IPR003599|IG_3c|26-127,Bos_taurus_XP_002696237.1_PREDICTED_CMRF35-like_molecule_4_isoform_X1|IPR003599|IG_3c|26-127,Terrestrial_Artiodactyl,Bovidae,-1.9587107,-8.669378
Bos_mutus_ELR47422.1_CMRF35-like_molecule_4,_partial|IPR003599|IG_3c|38-139,Bos_mutus_ELR47422.1_CMRF35-like_molecule_4_partial|IPR003599|IG_3c|38-139,Terrestrial_Artiodactyl,Bovidae,-1.9706318,-8.462633
Bos_mutus_XP_014337717.1_PREDICTED:_uncharacterized_protein_LOC102271588|IPR003599|IG_3c|119-220,Bos_mutus_XP_014337717.1_PREDICTED_uncharacterized_protein_LOC102271588|IPR003599|IG_3c|119-220,Terrestrial_Artiodactyl,Bovidae,-1.9706314,-8.462635
Bos_mutus_MXQ87037.1_hypothetical_protein_E5288_WYG007651|IPR003599|IG_3c|22-123,Bos_mutus_MXQ87037.1_hypothetical_protein_E5288_WYG007651|IPR003599|IG_3c|22-123,Terrestrial_Artiodactyl,Bovidae,-2.0060475,-8.428613
Bos_javanicus_XP_061248887.1_CMRF35-like_molecule_1_isoform_X1|IPR003599|IG_3c|22-123,Bos_javanicus_XP_061248887.1_CMRF35-like_molecule_1_isoform_X1|IPR003599|IG_3c|22-123,Terrestrial_Artiodactyl,Bovidae,-2.0052786,-8.1964035
Cervus_elaphus_XP_043761506.1_CMRF35-like_molecule_1_isoform_X1|IPR003599|IG_3c|22-123,Cervus_elaphus_XP_043761506.1_CMRF35-like_molecule_1_isoform_X1|IPR003599|IG_3c|22-123,Terrestrial_Artiodactyl,Cervidae,-2.1127496,-8.550776
Cervus_canadensis_XP_043313397.1_CMRF35-like_molecule_5|IPR003599|IG_3c|26-127,Cervus_canadensis_XP_043313397.1_CMRF35-like_molecule_5|IPR003599|IG_3c|26-127,Terrestrial_Artiodactyl,Cervidae,-2.3441935,-8.627559
Cervus_hanglu_yarkandensis_KAF4012922.1_hypothetical_protein_G4228_003722|IPR003599|IG_3c|27-128,Cervus_hanglu_yarkandensis_KAF4012922.1_hypothetical_protein_G4228_003722|IPR003599|IG_3c|27-128,Terrestrial_Artiodactyl,Cervidae,-1.8466597,-8.889022
Cervus_elaphus_XP_043761552.1_CMRF35-like_molecule_5_isoform_X1|IPR003599|IG_3c|26-127,Cervus_elaphus_XP_043761552.1_CMRF35-like_molecule_5_isoform_X1|IPR003599|IG_3c|26-127,Terrestrial_Artiodactyl,Cervidae,-2.1421108,-8.590783
Cervus_canadensis_XP_043313918.1_CMRF35-like_molecule_1_isoform_X1|IPR003599|IG_3c|22-123,Cervus_canadensis_XP_043313918.1_CMRF35-like_molecule_1_isoform_X1|IPR003599|IG_3c|22-123,Terrestrial_Artiodactyl,Cervidae,-1.6786807,-8.957409
Cervus_elaphus_XP_043761546.1_CMRF35-like_molecule_5|IPR003599|IG_3c|26-127,Cervus_elaphus_XP_043761546.1_CMRF35-like_molecule_5|IPR003599|IG_3c|26-127,Terrestrial_Artiodactyl,Cervidae,-2.172595,-8.484502
Odocoileus_virginianus_texanus_XP_020728421.1_CMRF35-like_molecule_1_isoform_X2|IPR003599|IG_3c|22-123,Odocoileus_virginianus_texanus_XP_020728421.1_CMRF35-like_molecule_1_isoform_X2|IPR003599|IG_3c|22-123,Terrestrial_Artiodactyl,Cervidae,-1.7359728,-8.092224
Rangifer_tarandus_platyrhynchus_CAI9163865.1_unnamed_protein_product|IPR003599|IG_3c|26-127,Rangifer_tarandus_platyrhynchus_CAI9163865.1_unnamed_protein_product|IPR003599|IG_3c|26-127,Terrestrial_Artiodactyl,Cervidae,-1.3624855,-8.67802
Dama_dama_XP_060997258.1_CMRF35-like_molecule_5|IPR003599|IG_3c|26-127,Dama_dama_XP_060997258.1_CMRF35-like_molecule_5|IPR003599|IG_3c|26-127,Terrestrial_Artiodactyl,Cervidae,-1.7590723,-8.959736
Dama_dama_XP_061000900.1_CMRF35-like_molecule_9_isoform_X1|IPR003599|IG_3c|26-127,Dama_dama_XP_061000900.1_CMRF35-like_molecule_9_isoform_X1|IPR003599|IG_3c|26-127,Terrestrial_Artiodactyl,Cervidae,-1.8308249,-8.608382
Dama_dama_XP_061000883.1_CMRF35-like_molecule_1_isoform_X1|IPR003599|IG_3c|22-123,Dama_dama_XP_061000883.1_CMRF35-like_molecule_1_isoform_X1|IPR003599|IG_3c|22-123,Terrestrial_Artiodactyl,Cervidae,-1.7778873,-8.59313
Dama_dama_XP_061000899.1_CMRF35-like_molecule_5|IPR003599|IG_3c|26-127,Dama_dama_XP_061000899.1_CMRF35-like_molecule_5|IPR003599|IG_3c|26-127,Terrestrial_Artiodactyl,Cervidae,-1.7504909,-8.736525
Cervus_canadensis_XP_043313188.1_CMRF35-like_molecule_5|IPR003599|IG_3c|26-127,Cervus_canadensis_XP_043313188.1_CMRF35-like_molecule_5|IPR003599|IG_3c|26-127,Terrestrial_Artiodactyl,Cervidae,-1.937155,-8.651083
Muntiacus_reevesi_XP_065765933.1_CMRF35-like_molecule_5|IPR003599|IG_3c|87-188,Muntiacus_reevesi_XP_065765933.1_CMRF35-like_molecule_5|IPR003599|IG_3c|87-188,Terrestrial_Artiodactyl,Cervidae,-1.8057778,-8.772202
Muntiacus_muntjak_KAB0338147.1_hypothetical_protein_FD754_024784,_partial|IPR003599|IG_3c|5-106,Muntiacus_muntjak_KAB0338147.1_hypothetical_protein_FD754_024784_partial|IPR003599|IG_3c|5-106,Terrestrial_Artiodactyl,Cervidae,-1.9677763,-8.634848
Muntiacus_muntjak_KAB0337356.1_hypothetical_protein_FD754_025235,_partial|IPR003599|IG_3c|5-106,Muntiacus_muntjak_KAB0337356.1_hypothetical_protein_FD754_025235_partial|IPR003599|IG_3c|5-106,Terrestrial_Artiodactyl,Cervidae,-1.8535798,-9.029893
Muntiacus_reevesi_XP_065765934.1_CMRF35-like_molecule_5|IPR003599|IG_3c|26-127,Muntiacus_reevesi_XP_065765934.1_CMRF35-like_molecule_5|IPR003599|IG_3c|26-127,Terrestrial_Artiodactyl,Cervidae,-1.6366662,-9.130388
Muntiacus_reevesi_XP_065765423.1_CMRF35-like_molecule_1_isoform_X1|IPR003599|IG_3c|22-123,Muntiacus_reevesi_XP_065765423.1_CMRF35-like_molecule_1_isoform_X1|IPR003599|IG_3c|22-123,Terrestrial_Artiodactyl,Cervidae,-1.6667383,-9.21604
Hippopotamus_amphibius_kiboko_XP_057572374.1_CMRF35-like_molecule_1_isoform_X2|IPR003599|IG_3c|26-127,Hippopotamus_amphibius_kiboko_XP_057572374.1_CMRF35-like_molecule_1_isoform_X2|IPR003599|IG_3c|26-127,Terrestrial_Artiodactyl,Hippopotamidae,-1.7444265,-8.823282
Hippopotamus_amphibius_kiboko_XP_057569858.1_CMRF35-like_molecule_3|IPR003599|IG_3c|14-115,Hippopotamus_amphibius_kiboko_XP_057569858.1_CMRF35-like_molecule_3|IPR003599|IG_3c|14-115,Terrestrial_Artiodactyl,Hippopotamidae,-1.4263811,-8.719992
Hippopotamus_amphibius_kiboko_XP_057572894.1_CMRF35-like_molecule_1_isoform_X1|IPR003599|IG_3c|22-123,Hippopotamus_amphibius_kiboko_XP_057572894.1_CMRF35-like_molecule_1_isoform_X1|IPR003599|IG_3c|22-123,Terrestrial_Artiodactyl,Hippopotamidae,-1.6845222,-8.703766
Lagenorhynchus_albirostris_XP_059991213.1_CMRF35-like_molecule_1|IPR003599|IG_3c|22-123,Lagenorhynchus_albirostris_XP_059991213.1_CMRF35-like_molecule_1|IPR003599|IG_3c|22-123,Cetacean,Cetacea,-1.4075085,-8.751417
Delphinus_delphis_XP_059854658.1_CMRF35-like_molecule_1_isoform_X1|IPR003599|IG_3c|22-123,Delphinus_delphis_XP_059854658.1_CMRF35-like_molecule_1_isoform_X1|IPR003599|IG_3c|22-123,Cetacean,Cetacea,-1.3767817,-8.881137
Tursiops_truncatus_XP_004318209.2_PREDICTED:_CMRF35-like_molecule_1_isoform_X1|IPR003599|IG_3c|22-123,Tursiops_truncatus_XP_004318209.2_PREDICTED_CMRF35-like_molecule_1_isoform_X1|IPR003599|IG_3c|22-123,Cetacean,Cetacea,-1.249799,-8.937242
Lagenorhynchus_obliquidens_XP_026936368.1_CMRF35-like_molecule_1_isoform_X1|IPR003599|IG_3c|22-123,Lagenorhynchus_obliquidens_XP_026936368.1_CMRF35-like_molecule_1_isoform_X1|IPR003599|IG_3c|22-123,Cetacean,Cetacea,-1.182039,-8.907846
Sousa_chinensis_TEA30796.1_hypothetical_protein_DBR06_SOUSAS4110267|IPR003599|IG_3c|22-123,Sousa_chinensis_TEA30796.1_hypothetical_protein_DBR06_SOUSAS4110267|IPR003599|IG_3c|22-123,Cetacean,Cetacea,-1.1287175,-9.093172
Orcinus_orca_XP_012390602.1_CMRF35-like_molecule_1_isoform_X1|IPR003599|IG_3c|22-123,Orcinus_orca_XP_012390602.1_CMRF35-like_molecule_1_isoform_X1|IPR003599|IG_3c|22-123,Cetacean,Cetacea,-1.4329602,-8.796329
Pseudorca_crassidens_XP_067570862.1_CMRF35-like_molecule_1_isoform_X1|IPR003599|IG_3c|22-123,Pseudorca_crassidens_XP_067570862.1_CMRF35-like_molecule_1_isoform_X1|IPR003599|IG_3c|22-123,Cetacean,Cetacea,-1.4547172,-8.799534
Globicephala_melas_XP_030693429.1_CMRF35-like_molecule_1_isoform_X1|IPR003599|IG_3c|22-123,Globicephala_melas_XP_030693429.1_CMRF35-like_molecule_1_isoform_X1|IPR003599|IG_3c|22-123,Cetacean,Cetacea,-1.610705,-8.750856
Phocoena_phocoena_XP_065752523.1_CMRF35-like_molecule_1|IPR003599|IG_3c|14-113,Phocoena_phocoena_XP_065752523.1_CMRF35-like_molecule_1|IPR003599|IG_3c|14-113,Cetacean,Cetacea,-3.747092,-5.310508
Phocoena_sinus_XP_032472369.1_CMRF35-like_molecule_1_isoform_X1|IPR003599|IG_3c|22-121,Phocoena_sinus_XP_032472369.1_CMRF35-like_molecule_1_isoform_X1|IPR003599|IG_3c|22-121,Cetacean,Cetacea,-3.747092,-5.310508
Neophocaena_asiaeorientalis_asiaeorientalis_XP_024616454.1_CMRF35-like_molecule_1_isoform_X1|IPR003599|IG_3c|22-121,Neophocaena_asiaeorientalis_asiaeorientalis_XP_024616454.1_CMRF35-like_molecule_1_isoform_X1|IPR003599|IG_3c|22-121,Cetacean,Cetacea,-3.7243457,-5.356861
Delphinapterus_leucas_XP_022445411.1_CMRF35-like_molecule_1_isoform_X1|IPR003599|IG_3c|22-121,Delphinapterus_leucas_XP_022445411.1_CMRF35-like_molecule_1_isoform_X1|IPR003599|IG_3c|22-121,Cetacean,Cetacea,-3.7369885,-5.268805
Monodon_monoceros_XP_029068946.1_CMRF35-like_molecule_1_isoform_X1|IPR003599|IG_3c|22-121,Monodon_monoceros_XP_029068946.1_CMRF35-like_molecule_1_isoform_X1|IPR003599|IG_3c|22-121,Cetacean,Cetacea,-3.661771,-5.2989845
Lipotes_vexillifer_XP_007454462.1_PREDICTED:_LOW_QUALITY_PROTEIN:_CMRF35-like_molecule_1|IPR003599|IG_3c|69-168,Lipotes_vexillifer_XP_007454462.1_PREDICTED_LOW_QUALITY_PROTEIN_CMRF35-like_molecule_1|IPR003599|IG_3c|69-168,Cetacean,Cetacea,-4.1925354,-5.8512545
Kogia_breviceps_XP_066877152.1_CMRF35-like_molecule_8_isoform_X2|IPR003599|IG_3c|100-199,Kogia_breviceps_XP_066877152.1_CMRF35-like_molecule_8_isoform_X2|IPR003599|IG_3c|100-199,Cetacean,Cetacea,-4.1407056,-5.673873
Eschrichtius_robustus_XP_068386991.1_CMRF35-like_molecule_1|IPR003599|IG_3c|13-112,Eschrichtius_robustus_XP_068386991.1_CMRF35-like_molecule_1|IPR003599|IG_3c|13-112,Cetacean,Cetacea,-3.994734,-5.813936
Balaenoptera_musculus_XP_036694099.1_CMRF35-like_molecule_1_isoform_X1|IPR003599|IG_3c|21-120,Balaenoptera_musculus_XP_036694099.1_CMRF35-like_molecule_1_isoform_X1|IPR003599|IG_3c|21-120,Cetacean,Cetacea,-3.8585217,-5.981803
Balaenoptera_ricei_XP_059763189.1_CMRF35-like_molecule_1_isoform_X1|IPR003599|IG_3c|21-120,Balaenoptera_ricei_XP_059763189.1_CMRF35-like_molecule_1_isoform_X1|IPR003599|IG_3c|21-120,Cetacean,Cetacea,-3.8576245,-5.997217
Balaenoptera_physalus_KAB0400670.1_hypothetical_protein_E2I00_008295|IPR003599|IG_3c|52-151,Balaenoptera_physalus_KAB0400670.1_hypothetical_protein_E2I00_008295|IPR003599|IG_3c|52-151,Cetacean,Cetacea,-3.8576248,-5.997217
Balaenoptera_acutorostrata_XP_007185686.2_CMRF35-like_molecule_1_isoform_X1|IPR003599|IG_3c|48-149,Balaenoptera_acutorostrata_XP_007185686.2_CMRF35-like_molecule_1_isoform_X1|IPR003599|IG_3c|48-149,Cetacean,Cetacea,-1.6426928,-9.281819
Eubalaena_glacialis_XP_061031663.1_CMRF35-like_molecule_1|IPR003599|IG_3c|21-120,Eubalaena_glacialis_XP_061031663.1_CMRF35-like_molecule_1|IPR003599|IG_3c|21-120,Cetacean,Cetacea,-4.7831364,-5.5287614
Vicugna_pacos_XP_031541564.1_CMRF35-like_molecule_1_isoform_X1|IPR003599|IG_3c|37-138,Vicugna_pacos_XP_031541564.1_CMRF35-like_molecule_1_isoform_X1|IPR003599|IG_3c|37-138,Terrestrial_Artiodactyl,Camelidae,-2.114119,-8.743586
Vicugna_pacos_XP_015090742.1_CMRF35-like_molecule_5|IPR003599|IG_3c|26-127,Vicugna_pacos_XP_015090742.1_CMRF35-like_molecule_5|IPR003599|IG_3c|26-127,Terrestrial_Artiodactyl,Camelidae,-2.2145011,-8.688373
Camelus_ferus_XP_032312797.1_CMRF35-like_molecule_5|IPR003599|IG_3c|26-127,Camelus_ferus_XP_032312797.1_CMRF35-like_molecule_5|IPR003599|IG_3c|26-127,Terrestrial_Artiodactyl,Camelidae,-1.7073969,-8.911469
Camelus_bactrianus_XP_010949291.2_CMRF35-like_molecule_5_isoform_X1|IPR003599|IG_3c|26-127,Camelus_bactrianus_XP_010949291.2_CMRF35-like_molecule_5_isoform_X1|IPR003599|IG_3c|26-127,Terrestrial_Artiodactyl,Camelidae,-1.7363429,-9.044072
Camelus_dromedarius_KAB1265477.1_CMRF35-like_molecule_1|IPR003599|IG_3c|3-104,Camelus_dromedarius_KAB1265477.1_CMRF35-like_molecule_1|IPR003599|IG_3c|3-104,Terrestrial_Artiodactyl,Camelidae,-1.9006476,-9.069754
Camelus_bactrianus_XP_045369367.1_CMRF35-like_molecule_5|IPR003599|IG_3c|26-127,Camelus_bactrianus_XP_045369367.1_CMRF35-like_molecule_5|IPR003599|IG_3c|26-127,Terrestrial_Artiodactyl,Camelidae,-1.8117293,-8.912341
Camelus_dromedarius_XP_010997014.1_PREDICTED:_CMRF35-like_molecule_4|IPR003599|IG_3c|41-142,Camelus_dromedarius_XP_010997014.1_PREDICTED_CMRF35-like_molecule_4|IPR003599|IG_3c|41-142,Terrestrial_Artiodactyl,Camelidae,-1.8117298,-8.912343
Camelus_ferus_XP_032312784.1_CMRF35-like_molecule_1_isoform_X1|IPR003599|IG_3c|37-138,Camelus_ferus_XP_032312784.1_CMRF35-like_molecule_1_isoform_X1|IPR003599|IG_3c|37-138,Terrestrial_Artiodactyl,Camelidae,-1.8122187,-8.84119
Camelus_bactrianus_XP_045369562.1_CMRF35-like_molecule_1|IPR003599|IG_3c|37-138,Camelus_bactrianus_XP_045369562.1_CMRF35-like_molecule_1|IPR003599|IG_3c|37-138,Terrestrial_Artiodactyl,Camelidae,-1.8643571,-8.716012
Vicugna_pacos_XP_031541579.1_CMRF35-like_molecule_7|IPR003599|IG_3c|26-127,Vicugna_pacos_XP_031541579.1_CMRF35-like_molecule_7|IPR003599|IG_3c|26-127,Terrestrial_Artiodactyl,Camelidae,-1.7761648,-9.057485
Muntiacus_reevesi_KAB0366909.1_hypothetical_protein_FD755_020233|IPR003599|IG_3c|33-134,Muntiacus_reevesi_KAB0366909.1_hypothetical_protein_FD755_020233|IPR003599|IG_3c|33-134,Terrestrial_Artiodactyl,Cervidae,-1.5319506,-8.841181
Dama_dama_XP_061000925.1_CMRF35-like_molecule_7_isoform_X1|IPR003599|IG_3c|21-122,Dama_dama_XP_061000925.1_CMRF35-like_molecule_7_isoform_X1|IPR003599|IG_3c|21-122,Terrestrial_Artiodactyl,Cervidae,-1.4243435,-8.974467
Cervus_canadensis_XP_043312669.1_CMRF35-like_molecule_7_isoform_X1|IPR003599|IG_3c|21-122,Cervus_canadensis_XP_043312669.1_CMRF35-like_molecule_7_isoform_X1|IPR003599|IG_3c|21-122,Terrestrial_Artiodactyl,Cervidae,-1.4764284,-8.855631
Cervus_elaphus_hippelaphus_OWK15422.1_hypothetical_protein_Celaphus_00001666,_partial|IPR003599|IG_3c|78-179,Cervus_elaphus_hippelaphus_OWK15422.1_hypothetical_protein_Celaphus_00001666_partial|IPR003599|IG_3c|78-179,Terrestrial_Artiodactyl,Cervidae,-1.4764299,-8.855629
Rangifer_tarandus_platyrhynchus_CAI9163872.1_unnamed_protein_product|IPR003599|IG_3c|21-122,Rangifer_tarandus_platyrhynchus_CAI9163872.1_unnamed_protein_product|IPR003599|IG_3c|21-122,Terrestrial_Artiodactyl,Cervidae,-1.4491355,-8.9793625
Odocoileus_virginianus_texanus_XP_020728391.1_CMRF35-like_molecule_7|IPR003599|IG_3c|21-122,Odocoileus_virginianus_texanus_XP_020728391.1_CMRF35-like_molecule_7|IPR003599|IG_3c|21-122,Terrestrial_Artiodactyl,Cervidae,-1.5761341,-8.737476
Bubalus_bubalis_XP_006039836.1_CMRF35-like_molecule_7|IPR003599|IG_3c|21-120,Bubalus_bubalis_XP_006039836.1_CMRF35-like_molecule_7|IPR003599|IG_3c|21-120,Terrestrial_Artiodactyl,Bovidae,-3.8017187,-5.5723
Bubalus_kerabau_XP_055435551.1_CMRF35-like_molecule_7|IPR003599|IG_3c|21-120,Bubalus_kerabau_XP_055435551.1_CMRF35-like_molecule_7|IPR003599|IG_3c|21-120,Terrestrial_Artiodactyl,Bovidae,-3.776585,-5.650753
Bison_bison_bison_XP_010854411.1_PREDICTED:_CMRF35-like_molecule_7_isoform_X1|IPR003599|IG_3c|21-120,Bison_bison_bison_XP_010854411.1_PREDICTED_CMRF35-like_molecule_7_isoform_X1|IPR003599|IG_3c|21-120,Terrestrial_Artiodactyl,Bovidae,-3.8122416,-5.2521415
Bos_taurus_NP_001098493.1_CMRF35-like_molecule_7_precursor|IPR003599|IG_3c|21-120,Bos_taurus_NP_001098493.1_CMRF35-like_molecule_7_precursor|IPR003599|IG_3c|21-120,Terrestrial_Artiodactyl,Bovidae,-3.943577,-5.2203364
Bos_javanicus_XP_061248900.1_CMRF35-like_molecule_7|IPR003599|IG_3c|21-120,Bos_javanicus_XP_061248900.1_CMRF35-like_molecule_7|IPR003599|IG_3c|21-120,Terrestrial_Artiodactyl,Bovidae,-2.631398,-4.693182
Oryx_dammah_XP_040100419.1_CMRF35-like_molecule_7|IPR003599|IG_3c|21-122,Oryx_dammah_XP_040100419.1_CMRF35-like_molecule_7|IPR003599|IG_3c|21-122,Terrestrial_Artiodactyl,Bovidae,-0.91704005,-9.420494
Ovis_aries_XDC80075.1_hypothetical_protein_R6Z07F_011248|IPR003599|IG_3c|21-122,Ovis_aries_XDC80075.1_hypothetical_protein_R6Z07F_011248|IPR003599|IG_3c|21-122,Terrestrial_Artiodactyl,Bovidae,-1.167878,-9.543286
Budorcas_taxicolor_XP_052514614.1_CMRF35-like_molecule_7|IPR003599|IG_3c|183-284,Budorcas_taxicolor_XP_052514614.1_CMRF35-like_molecule_7|IPR003599|IG_3c|183-284,Terrestrial_Artiodactyl,Bovidae,-1.8499955,-9.760008
Moschus_berezovskii_XP_055264647.1_LOW_QUALITY_PROTEIN:_CMRF35-like_molecule_7|IPR003599|IG_3c|21-122,Moschus_berezovskii_XP_055264647.1_LOW_QUALITY_PROTEIN_CMRF35-like_molecule_7|IPR003599|IG_3c|21-122,Terrestrial_Artiodactyl,Moschidae,-1.1192199,-9.105343
Camelus_ferus_EPY87447.1_G_protein-coupled_receptor_family_C,_group_5,_member_C_isoform_a-like_protein|IPR003599|IG_3c|575-676,Camelus_ferus_EPY87447.1_G_protein-coupled_receptor_family_C_group_5_member_C_isoform_a-like_protein|IPR003599|IG_3c|575-676,Terrestrial_Artiodactyl,Camelidae,-1.6394178,-9.647562
Camelus_ferus_XP_014407263.1_CMRF35-like_molecule_7_isoform_X1|IPR003599|IG_3c|21-122,Camelus_ferus_XP_014407263.1_CMRF35-like_molecule_7_isoform_X1|IPR003599|IG_3c|21-122,Terrestrial_Artiodactyl,Camelidae,-1.6394185,-9.647564
Camelus_dromedarius_XP_064351647.1_CMRF35-like_molecule_7_isoform_X1|IPR003599|IG_3c|21-122,Camelus_dromedarius_XP_064351647.1_CMRF35-like_molecule_7_isoform_X1|IPR003599|IG_3c|21-122,Terrestrial_Artiodactyl,Camelidae,-1.801821,-9.548277
Vicugna_pacos_XP_015090739.1_CMRF35-like_molecule_7|IPR003599|IG_3c|21-122,Vicugna_pacos_XP_015090739.1_CMRF35-like_molecule_7|IPR003599|IG_3c|21-122,Terrestrial_Artiodactyl,Camelidae,-1.7789071,-9.218888
Hippopotamus_amphibius_kiboko_XP_057569860.1_CMRF35-like_molecule_7|IPR003599|IG_3c|21-122,Hippopotamus_amphibius_kiboko_XP_057569860.1_CMRF35-like_molecule_7|IPR003599|IG_3c|21-122,Terrestrial_Artiodactyl,Hippopotamidae,-1.517167,-9.25172
Homo_sapiens_NP_777552.3_CD300LB|IPR003599|IG_3c|21-122,Homo_sapiens_NP_777552.3_CD300LB|IPR003599|IG_3c|21-122,Terrestrial_Artiodactyl,Hominidae,-1.3003378,-8.950381
Homo_sapiens_NP_001108624.1_CD300LD|IPR003599|IG_3c|24-125,Homo_sapiens_NP_001108624.1_CD300LD|IPR003599|IG_3c|24-125,Terrestrial_Artiodactyl,Hominidae,-0.98965997,-9.026201
Homo|IPR003599|IG_3c|28-129,Homo|IPR003599|IG_3c|28-129,Other,Hominidae,-1.6129421,-7.931629
Sus_scrofa_ENSSSCT00000101673.1|IPR003599|IG_3c|49-150,Sus_scrofa_ENSSSCT00000101673.1|IPR003599|IG_3c|49-150,Terrestrial_Artiodactyl,Suidae,-1.9095249,-8.801113
Phacochoerus_africanus_XP_047614567.1_CMRF35-like_molecule_1_isoform_X1|IPR003599|IG_3c|49-150,Phacochoerus_africanus_XP_047614567.1_CMRF35-like_molecule_1_isoform_X1|IPR003599|IG_3c|49-150,Terrestrial_Artiodactyl,Suidae,-1.8044083,-8.619461
Phacochoerus_africanus_XP_047614471.1_CMRF35-like_molecule_5_isoform_X1|IPR003599|IG_3c|26-127,Phacochoerus_africanus_XP_047614471.1_CMRF35-like_molecule_5_isoform_X1|IPR003599|IG_3c|26-127,Terrestrial_Artiodactyl,Suidae,-1.8579633,-8.529522
Capricornis_sumatraensis_XP_068833624.1_CMRF35-like_molecule_2|IPR003599|IG_3c|20-125,Capricornis_sumatraensis_XP_068833624.1_CMRF35-like_molecule_2|IPR003599|IG_3c|20-125,Terrestrial_Artiodactyl,Bovidae,-14.472929,5.4797077
Budorcas_taxicolor_XP_052514608.1_CMRF35-like_molecule_2|IPR003599|IG_3c|21-126,Budorcas_taxicolor_XP_052514608.1_CMRF35-like_molecule_2|IPR003599|IG_3c|21-126,Terrestrial_Artiodactyl,Bovidae,-14.617353,5.6799603
Ovibos_moschatus_KAL1287093.1_CD300E|IPR003599|IG_3c|21-126,Ovibos_moschatus_KAL1287093.1_CD300E|IPR003599|IG_3c|21-126,Terrestrial_Artiodactyl,Bovidae,-14.5426035,5.7401304
Pantholops_hodgsonii_XP_005985295.1_PREDICTED:_CMRF35-like_molecule_2|IPR003599|IG_3c|21-126,Pantholops_hodgsonii_XP_005985295.1_PREDICTED_CMRF35-like_molecule_2|IPR003599|IG_3c|21-126,Terrestrial_Artiodactyl,Bovidae,-14.518805,5.9383826
Oryx_dammah_XP_040100421.1_CMRF35-like_molecule_2|IPR003599|IG_3c|21-126,Oryx_dammah_XP_040100421.1_CMRF35-like_molecule_2|IPR003599|IG_3c|21-126,Terrestrial_Artiodactyl,Bovidae,-14.598017,5.757589
Ovis_aries_KAG5202832.1_hypothetical_protein_JEQ12_002415|IPR003599|IG_3c|21-126,Ovis_aries_KAG5202832.1_hypothetical_protein_JEQ12_002415|IPR003599|IG_3c|21-126,Terrestrial_Artiodactyl,Bovidae,-14.488396,5.6420174
Cervus_hanglu_yarkandensis_KAF4012923.1_hypothetical_protein_G4228_002964,_partial|IPR003599|IG_3c|53-158,Cervus_hanglu_yarkandensis_KAF4012923.1_hypothetical_protein_G4228_002964_partial|IPR003599|IG_3c|53-158,Terrestrial_Artiodactyl,Cervidae,-14.953253,6.5305557
Cervus_elaphus_XP_043761545.1_CMRF35-like_molecule_2|IPR003599|IG_3c|21-126,Cervus_elaphus_XP_043761545.1_CMRF35-like_molecule_2|IPR003599|IG_3c|21-126,Terrestrial_Artiodactyl,Cervidae,-14.953253,6.5305552
Cervus_canadensis_XP_043313680.1_CMRF35-like_molecule_2|IPR003599|IG_3c|21-126,Cervus_canadensis_XP_043313680.1_CMRF35-like_molecule_2|IPR003599|IG_3c|21-126,Terrestrial_Artiodactyl,Cervidae,-14.953253,6.5305557
Odocoileus_virginianus_texanus_XP_020772219.1_CMRF35-like_molecule_2|IPR003599|IG_3c|21-126,Odocoileus_virginianus_texanus_XP_020772219.1_CMRF35-like_molecule_2|IPR003599|IG_3c|21-126,Terrestrial_Artiodactyl,Cervidae,-14.767767,5.591258
Muntiacus_muntjak_KAB0366459.1_hypothetical_protein_FD754_010615|IPR003599|IG_3c|6-111,Muntiacus_muntjak_KAB0366459.1_hypothetical_protein_FD754_010615|IPR003599|IG_3c|6-111,Terrestrial_Artiodactyl,Cervidae,-15.4247265,6.491842
Dama_dama_XP_061000898.1_CMRF35-like_molecule_2|IPR003599|IG_3c|21-126,Dama_dama_XP_061000898.1_CMRF35-like_molecule_2|IPR003599|IG_3c|21-126,Terrestrial_Artiodactyl,Cervidae,-15.102917,6.713745
Bubalus_bubalis_XP_006045264.1_CMRF35-like_molecule_2|IPR003599|IG_3c|21-126,Bubalus_bubalis_XP_006045264.1_CMRF35-like_molecule_2|IPR003599|IG_3c|21-126,Terrestrial_Artiodactyl,Bovidae,-13.585654,4.8436007
Bubalus_kerabau_XP_055435780.1_CMRF35-like_molecule_2|IPR003599|IG_3c|21-126,Bubalus_kerabau_XP_055435780.1_CMRF35-like_molecule_2|IPR003599|IG_3c|21-126,Terrestrial_Artiodactyl,Bovidae,-13.585654,4.8436007
Bos_mutus_XP_005908043.2_PREDICTED:_CMRF35-like_molecule_2|IPR003599|IG_3c|21-126,Bos_mutus_XP_005908043.2_PREDICTED_CMRF35-like_molecule_2|IPR003599|IG_3c|21-126,Terrestrial_Artiodactyl,Bovidae,-14.446752,5.1338105
Bos_javanicus_XP_061248896.1_CMRF35-like_molecule_2|IPR003599|IG_3c|21-126,Bos_javanicus_XP_061248896.1_CMRF35-like_molecule_2|IPR003599|IG_3c|21-126,Terrestrial_Artiodactyl,Bovidae,-15.264498,6.1646495
Bos_taurus_DAA18172.1_TPA:_CD300e_antigen-like|IPR003599|IG_3c|21-126,Bos_taurus_DAA18172.1_TPA_CD300e_antigen-like|IPR003599|IG_3c|21-126,Terrestrial_Artiodactyl,Bovidae,-15.264498,6.1646495
Moschus_berezovskii_XP_055264639.1_CMRF35-like_molecule_2_isoform_X1|IPR003599|IG_3c|42-147,Moschus_berezovskii_XP_055264639.1_CMRF35-like_molecule_2_isoform_X1|IPR003599|IG_3c|42-147,Terrestrial_Artiodactyl,Moschidae,-14.828352,6.600179
Vicugna_pacos_XP_031541571.1_CMRF35-like_molecule_2_isoform_X1|IPR003599|IG_3c|40-145,Vicugna_pacos_XP_031541571.1_CMRF35-like_molecule_2_isoform_X1|IPR003599|IG_3c|40-145,Terrestrial_Artiodactyl,Camelidae,-6.594848,-4.222097
Camelus_bactrianus_XP_010949290.1_CMRF35-like_molecule_2|IPR003599|IG_3c|21-126,Camelus_bactrianus_XP_010949290.1_CMRF35-like_molecule_2|IPR003599|IG_3c|21-126,Terrestrial_Artiodactyl,Camelidae,-6.5960455,-3.9770582
Camelus_ferus_XP_032312794.1_CMRF35-like_molecule_2_isoform_X1|IPR003599|IG_3c|40-145,Camelus_ferus_XP_032312794.1_CMRF35-like_molecule_2_isoform_X1|IPR003599|IG_3c|40-145,Terrestrial_Artiodactyl,Camelidae,-6.596044,-3.9770582
Camelus_dromedarius_XP_031324878.1_CMRF35-like_molecule_2_isoform_X1|IPR003599|IG_3c|40-145,Camelus_dromedarius_XP_031324878.1_CMRF35-like_molecule_2_isoform_X1|IPR003599|IG_3c|40-145,Terrestrial_Artiodactyl,Camelidae,-6.4724216,-3.9129107
Homo_sapiens_NP_852114.2_CD300E|IPR003599|IG_3c|21-128,Homo_sapiens_NP_852114.2_CD300E|IPR003599|IG_3c|21-128,Terrestrial_Artiodactyl,Hominidae,-13.740745,5.298259
Tursiops_truncatus_XP_033703710.1_CMRF35-like_molecule_8_isoform_X1|IPR003599|IG_3c|37-136,Tursiops_truncatus_XP_033703710.1_CMRF35-like_molecule_8_isoform_X1|IPR003599|IG_3c|37-136,Cetacean,Cetacea,8.881017,7.6680984
Delphinus_delphis_XP_059852801.1_CMRF35-like_molecule_8|IPR003599|IG_3c|37-136,Delphinus_delphis_XP_059852801.1_CMRF35-like_molecule_8|IPR003599|IG_3c|37-136,Cetacean,Cetacea,8.751261,7.727723
Pseudorca_crassidens_XP_067570868.1_CMRF35-like_molecule_8|IPR003599|IG_3c|28-129,Pseudorca_crassidens_XP_067570868.1_CMRF35-like_molecule_8|IPR003599|IG_3c|28-129,Cetacean,Cetacea,11.37478,4.1688013
Globicephala_melas_XP_060146346.1_CMRF35-like_molecule_8_isoform_X1|IPR003599|IG_3c|37-138,Globicephala_melas_XP_060146346.1_CMRF35-like_molecule_8_isoform_X1|IPR003599|IG_3c|37-138,Cetacean,Cetacea,11.369371,4.1781173
Lagenorhynchus_albirostris_XP_059991228.1_CMRF35-like_molecule_8|IPR003599|IG_3c|37-136,Lagenorhynchus_albirostris_XP_059991228.1_CMRF35-like_molecule_8|IPR003599|IG_3c|37-136,Cetacean,Cetacea,8.711293,8.009019
Lagenorhynchus_obliquidens_XP_026936362.1_CMRF35-like_molecule_8_isoform_X1|IPR003599|IG_3c|37-138,Lagenorhynchus_obliquidens_XP_026936362.1_CMRF35-like_molecule_8_isoform_X1|IPR003599|IG_3c|37-138,Cetacean,Cetacea,11.290809,4.261076
Orcinus_orca_XP_033294316.1_CMRF35-like_molecule_8_isoform_X1|IPR003599|IG_3c|37-136,Orcinus_orca_XP_033294316.1_CMRF35-like_molecule_8_isoform_X1|IPR003599|IG_3c|37-136,Cetacean,Cetacea,8.679425,8.058267
Monodon_monoceros_XP_029068834.1_CMRF35-like_molecule_8_isoform_X1|IPR003599|IG_3c|28-127,Monodon_monoceros_XP_029068834.1_CMRF35-like_molecule_8_isoform_X1|IPR003599|IG_3c|28-127,Cetacean,Cetacea,8.757772,8.119087
Phocoena_phocoena_XP_065753509.1_CMRF35-like_molecule_8|IPR003599|IG_3c|28-127,Phocoena_phocoena_XP_065753509.1_CMRF35-like_molecule_8|IPR003599|IG_3c|28-127,Cetacean,Cetacea,8.757773,8.119086
Delphinapterus_leucas_XP_022445422.1_CMRF35-like_molecule_8_isoform_X3|IPR003599|IG_3c|28-127,Delphinapterus_leucas_XP_022445422.1_CMRF35-like_molecule_8_isoform_X3|IPR003599|IG_3c|28-127,Cetacean,Cetacea,8.757772,8.119087
Phocoena_sinus_XP_032471116.1_CMRF35-like_molecule_8_isoform_X1|IPR003599|IG_3c|217-316,Phocoena_sinus_XP_032471116.1_CMRF35-like_molecule_8_isoform_X1|IPR003599|IG_3c|217-316,Cetacean,Cetacea,8.719058,8.023247
Neophocaena_asiaeorientalis_asiaeorientalis_XP_024616598.1_CMRF35-like_molecule_8_isoform_X1|IPR003599|IG_3c|102-201,Neophocaena_asiaeorientalis_asiaeorientalis_XP_024616598.1_CMRF35-like_molecule_8_isoform_X1|IPR003599|IG_3c|102-201,Cetacean,Cetacea,8.889844,7.7994075
Physeter_catodon_XP_007099880.1_PREDICTED:_CMRF35-like_molecule_8-like|IPR003599|IG_3c|163-262,Physeter_catodon_XP_007099880.1_PREDICTED_CMRF35-like_molecule_8-like|IPR003599|IG_3c|163-262,Cetacean,Cetacea,8.745308,7.3300204
Balaenoptera_musculus_XP_036693288.1_CMRF35-like_molecule_8|IPR003599|IG_3c|28-127,Balaenoptera_musculus_XP_036693288.1_CMRF35-like_molecule_8|IPR003599|IG_3c|28-127,Cetacean,Cetacea,7.6809616,7.411002
Balaenoptera_ricei_XP_059763706.1_CMRF35-like_molecule_8|IPR003599|IG_3c|28-127,Balaenoptera_ricei_XP_059763706.1_CMRF35-like_molecule_8|IPR003599|IG_3c|28-127,Cetacean,Cetacea,7.745308,7.522346
Eschrichtius_robustus_XP_068387303.1_CMRF35-like_molecule_8|IPR003599|IG_3c|28-127,Eschrichtius_robustus_XP_068387303.1_CMRF35-like_molecule_8|IPR003599|IG_3c|28-127,Cetacean,Cetacea,8.146616,7.3025
Balaenoptera_acutorostrata_XP_028023163.2_CMRF35-like_molecule_8|IPR003599|IG_3c|28-127,Balaenoptera_acutorostrata_XP_028023163.2_CMRF35-like_molecule_8|IPR003599|IG_3c|28-127,Cetacean,Cetacea,8.633871,7.999526
Balaenoptera_physalus_KAB0400682.1_hypothetical_protein_E2I00_008307,_partial|IPR003599|IG_3c|80-179,Balaenoptera_physalus_KAB0400682.1_hypothetical_protein_E2I00_008307_partial|IPR003599|IG_3c|80-179,Cetacean,Cetacea,8.067158,7.16957
Eubalaena_glacialis_XP_061031968.1_CMRF35-like_molecule_8|IPR003599|IG_3c|28-129,Eubalaena_glacialis_XP_061031968.1_CMRF35-like_molecule_8|IPR003599|IG_3c|28-129,Cetacean,Cetacea,9.898444,4.0813007
Lipotes_vexillifer_XP_007454445.1_PREDICTED:_CMRF35-like_molecule_8|IPR003599|IG_3c|28-127,Lipotes_vexillifer_XP_007454445.1_PREDICTED_CMRF35-like_molecule_8|IPR003599|IG_3c|28-127,Cetacean,Cetacea,8.640019,7.635922
Bubalus_bubalis_XP_006039841.1_PREDICTED:_CMRF35-like_molecule_8_isoform_X4|IPR003599|IG_3c|28-129,Bubalus_bubalis_XP_006039841.1_PREDICTED_CMRF35-like_molecule_8_isoform_X4|IPR003599|IG_3c|28-129,Terrestrial_Artiodactyl,Bovidae,11.889453,4.493514
Bubalus_kerabau_XP_055435779.1_CMRF35-like_molecule_8|IPR003599|IG_3c|28-129,Bubalus_kerabau_XP_055435779.1_CMRF35-like_molecule_8|IPR003599|IG_3c|28-129,Terrestrial_Artiodactyl,Bovidae,11.889453,4.493514
Moschus_berezovskii_XP_055264648.1_CMRF35-like_molecule_8_isoform_X1|IPR003599|IG_3c|28-129,Moschus_berezovskii_XP_055264648.1_CMRF35-like_molecule_8_isoform_X1|IPR003599|IG_3c|28-129,Terrestrial_Artiodactyl,Moschidae,11.472649,4.2786374
Moschus_berezovskii_XP_055264642.1_CMRF35-like_molecule_6_isoform_X1|IPR003599|IG_3c|28-129,Moschus_berezovskii_XP_055264642.1_CMRF35-like_molecule_6_isoform_X1|IPR003599|IG_3c|28-129,Terrestrial_Artiodactyl,Moschidae,11.006199,3.989724
Bubalus_kerabau_XP_055435552.1_CMRF35-like_molecule_6|IPR003599|IG_3c|28-129,Bubalus_kerabau_XP_055435552.1_CMRF35-like_molecule_6|IPR003599|IG_3c|28-129,Terrestrial_Artiodactyl,Bovidae,11.740428,3.254046
Bubalus_bubalis_XP_025135226.1_CMRF35-like_molecule_9_isoform_X1|IPR003599|IG_3c|28-129,Bubalus_bubalis_XP_025135226.1_CMRF35-like_molecule_9_isoform_X1|IPR003599|IG_3c|28-129,Terrestrial_Artiodactyl,Bovidae,11.738163,3.4080443
Bos_mutus_ELR45132.1_hypothetical_protein_M91_02416|IPR003599|IG_3c|28-129,Bos_mutus_ELR45132.1_hypothetical_protein_M91_02416|IPR003599|IG_3c|28-129,Terrestrial_Artiodactyl,Bovidae,11.443971,4.026401
Bos_taurus_XP_015323766.1_PREDICTED:_CMRF35-like_molecule_6|IPR003599|IG_3c|28-129,Bos_taurus_XP_015323766.1_PREDICTED_CMRF35-like_molecule_6|IPR003599|IG_3c|28-129,Terrestrial_Artiodactyl,Bovidae,12.418447,4.6044354
Bubalus_kerabau_XP_055431037.1_CMRF35-like_molecule_6|IPR003599|IG_3c|28-129,Bubalus_kerabau_XP_055431037.1_CMRF35-like_molecule_6|IPR003599|IG_3c|28-129,Terrestrial_Artiodactyl,Bovidae,11.213226,4.3318796
Bubalus_bubalis_XP_045020677.1_protein_CD300H-like_isoform_X2|IPR003599|IG_3c|41-138,Bubalus_bubalis_XP_045020677.1_protein_CD300H-like_isoform_X2|IPR003599|IG_3c|41-138,Terrestrial_Artiodactyl,Bovidae,23.591204,18.73525
Bison_bison_bison_XP_010854417.1_PREDICTED:_CMRF35-like_molecule_6|IPR003599|IG_3c|82-179,Bison_bison_bison_XP_010854417.1_PREDICTED_CMRF35-like_molecule_6|IPR003599|IG_3c|82-179,Terrestrial_Artiodactyl,Bovidae,23.447453,18.723112
Capra_hircus_XP_013828113.2_PREDICTED:_CMRF35-like_molecule_8_isoform_X1|IPR003599|IG_3c|28-129,Capra_hircus_XP_013828113.2_PREDICTED_CMRF35-like_molecule_8_isoform_X1|IPR003599|IG_3c|28-129,Terrestrial_Artiodactyl,Bovidae,24.70009,12.821657
Hippopotamus_amphibius_kiboko_XP_057569859.1_CMRF35-like_molecule_6|IPR003599|IG_3c|28-131,Hippopotamus_amphibius_kiboko_XP_057569859.1_CMRF35-like_molecule_6|IPR003599|IG_3c|28-131,Terrestrial_Artiodactyl,Hippopotamidae,3.613045,12.9276705
Hippopotamus_amphibius_kiboko_XP_057572311.1_CMRF35-like_molecule_8|IPR003599|IG_3c|28-131,Hippopotamus_amphibius_kiboko_XP_057572311.1_CMRF35-like_molecule_8|IPR003599|IG_3c|28-131,Terrestrial_Artiodactyl,Hippopotamidae,9.045797,5.2249947
Pantholops_hodgsonii_XP_005985292.1_PREDICTED:_uncharacterized_protein_LOC102322996|IPR003599|IG_3c|211-314,Pantholops_hodgsonii_XP_005985292.1_PREDICTED_uncharacterized_protein_LOC102322996|IPR003599|IG_3c|211-314,Terrestrial_Artiodactyl,Bovidae,8.346388,5.125982
Ovibos_moschatus_KAL1287091.1_CD300A|IPR003599|IG_3c|28-131,Ovibos_moschatus_KAL1287091.1_CD300A|IPR003599|IG_3c|28-131,Terrestrial_Artiodactyl,Bovidae,4.8792987,11.088317
Capricornis_sumatraensis_XP_068835137.1_CMRF35-like_molecule_8|IPR003599|IG_3c|28-131,Capricornis_sumatraensis_XP_068835137.1_CMRF35-like_molecule_8|IPR003599|IG_3c|28-131,Terrestrial_Artiodactyl,Bovidae,7.743651,7.3405905
Pantholops_hodgsonii_XP_005985290.1_PREDICTED:_CMRF35-like_molecule_8,_partial|IPR003599|IG_3c|15-118,Pantholops_hodgsonii_XP_005985290.1_PREDICTED_CMRF35-like_molecule_8_partial|IPR003599|IG_3c|15-118,Terrestrial_Artiodactyl,Bovidae,3.9729655,11.157712
Oryx_dammah_XP_040091540.1_CMRF35-like_molecule_6,_partial|IPR003599|IG_3c|7-108,Oryx_dammah_XP_040091540.1_CMRF35-like_molecule_6_partial|IPR003599|IG_3c|7-108,Terrestrial_Artiodactyl,Bovidae,10.390847,3.6093209
Oryx_dammah_XP_040091541.1_CMRF35-like_molecule_6,_partial|IPR003599|IG_3c|7-108,Oryx_dammah_XP_040091541.1_CMRF35-like_molecule_6_partial|IPR003599|IG_3c|7-108,Terrestrial_Artiodactyl,Bovidae,10.390847,3.6093204
Rangifer_tarandus_platyrhynchus_CAI9163867.1_unnamed_protein_product|IPR003599|IG_3c|28-129,Rangifer_tarandus_platyrhynchus_CAI9163867.1_unnamed_protein_product|IPR003599|IG_3c|28-129,Terrestrial_Artiodactyl,Cervidae,10.4196,3.3109767
Cervus_elaphus_XP_043761547.1_CMRF35-like_molecule_6|IPR003599|IG_3c|28-127,Cervus_elaphus_XP_043761547.1_CMRF35-like_molecule_6|IPR003599|IG_3c|28-127,Terrestrial_Artiodactyl,Cervidae,9.170398,7.219103
Cervus_canadensis_XP_043313294.1_CMRF35-like_molecule_6|IPR003599|IG_3c|28-127,Cervus_canadensis_XP_043313294.1_CMRF35-like_molecule_6|IPR003599|IG_3c|28-127,Terrestrial_Artiodactyl,Cervidae,9.170398,7.219103
Dama_dama_XP_061000909.1_CMRF35-like_molecule_6|IPR003599|IG_3c|28-129,Dama_dama_XP_061000909.1_CMRF35-like_molecule_6|IPR003599|IG_3c|28-129,Terrestrial_Artiodactyl,Cervidae,11.623474,3.5692613
Muntiacus_reevesi_KAB0367268.1_hypothetical_protein_FD755_020592|IPR003599|IG_3c|28-129,Muntiacus_reevesi_KAB0367268.1_hypothetical_protein_FD755_020592|IPR003599|IG_3c|28-129,Terrestrial_Artiodactyl,Cervidae,11.706573,3.5474186
Muntiacus_muntjak_KAB0338238.1_hypothetical_protein_FD754_024718|IPR003599|IG_3c|28-129,Muntiacus_muntjak_KAB0338238.1_hypothetical_protein_FD754_024718|IPR003599|IG_3c|28-129,Terrestrial_Artiodactyl,Cervidae,11.706573,3.5474186
Muntiacus_muntjak_KAB0338243.1_hypothetical_protein_FD754_024714|IPR003599|IG_3c|28-129,Muntiacus_muntjak_KAB0338243.1_hypothetical_protein_FD754_024714|IPR003599|IG_3c|28-129,Terrestrial_Artiodactyl,Cervidae,11.706573,3.5474186
Bos_javanicus_XP_061245876.1_CMRF35-like_molecule_6|IPR003599|IG_3c|31-132,Bos_javanicus_XP_061245876.1_CMRF35-like_molecule_6|IPR003599|IG_3c|31-132,Terrestrial_Artiodactyl,Bovidae,11.57346,4.0583534
Budorcas_taxicolor_XP_052514611.1_CMRF35-like_molecule_6|IPR003599|IG_3c|28-129,Budorcas_taxicolor_XP_052514611.1_CMRF35-like_molecule_6|IPR003599|IG_3c|28-129,Terrestrial_Artiodactyl,Bovidae,11.384893,3.337863
Capricornis_sumatraensis_XP_068833626.1_CMRF35-like_molecule_6|IPR003599|IG_3c|28-129,Capricornis_sumatraensis_XP_068833626.1_CMRF35-like_molecule_6|IPR003599|IG_3c|28-129,Terrestrial_Artiodactyl,Bovidae,11.402539,3.4668882
Cervus_canadensis_XP_043312808.1_CMRF35-like_molecule_6_isoform_X1|IPR003599|IG_3c|28-129,Cervus_canadensis_XP_043312808.1_CMRF35-like_molecule_6_isoform_X1|IPR003599|IG_3c|28-129,Terrestrial_Artiodactyl,Cervidae,10.647628,3.2061481
Cervus_elaphus_XP_043761560.1_CMRF35-like_molecule_8_isoform_X1|IPR003599|IG_3c|28-129,Cervus_elaphus_XP_043761560.1_CMRF35-like_molecule_8_isoform_X1|IPR003599|IG_3c|28-129,Terrestrial_Artiodactyl,Cervidae,10.621148,2.036873
Dama_dama_XP_061000928.1_CMRF35-like_molecule_8_isoform_X1|IPR003599|IG_3c|28-129,Dama_dama_XP_061000928.1_CMRF35-like_molecule_8_isoform_X1|IPR003599|IG_3c|28-129,Terrestrial_Artiodactyl,Cervidae,11.274866,3.1347542
Cervus_canadensis_XP_043312487.1_CMRF35-like_molecule_8_isoform_X1|IPR003599|IG_3c|28-129,Cervus_canadensis_XP_043312487.1_CMRF35-like_molecule_8_isoform_X1|IPR003599|IG_3c|28-129,Terrestrial_Artiodactyl,Cervidae,11.56709,3.5766437
Muntiacus_reevesi_KAB0366910.1_hypothetical_protein_FD755_020234|IPR003599|IG_3c|56-157,Muntiacus_reevesi_KAB0366910.1_hypothetical_protein_FD755_020234|IPR003599|IG_3c|56-157,Terrestrial_Artiodactyl,Cervidae,11.546587,2.938949
Muntiacus_muntjak_KAB0366461.1_hypothetical_protein_FD754_010617|IPR003599|IG_3c|56-157,Muntiacus_muntjak_KAB0366461.1_hypothetical_protein_FD754_010617|IPR003599|IG_3c|56-157,Terrestrial_Artiodactyl,Cervidae,11.588103,2.8437696
Dama_dama_XP_061000920.1_CMRF35-like_molecule_6_isoform_X1|IPR003599|IG_3c|28-127,Dama_dama_XP_061000920.1_CMRF35-like_molecule_6_isoform_X1|IPR003599|IG_3c|28-127,Terrestrial_Artiodactyl,Cervidae,8.630973,7.0997143
Muntiacus_muntjak_KAB0356984.1_hypothetical_protein_FD754_001140|IPR003599|IG_3c|23-124,Muntiacus_muntjak_KAB0356984.1_hypothetical_protein_FD754_001140|IPR003599|IG_3c|23-124,Terrestrial_Artiodactyl,Cervidae,11.819613,4.088492
Muntiacus_reevesi_XP_065765954.1_CMRF35-like_molecule_8|IPR003599|IG_3c|28-129,Muntiacus_reevesi_XP_065765954.1_CMRF35-like_molecule_8|IPR003599|IG_3c|28-129,Terrestrial_Artiodactyl,Cervidae,10.50879,3.56623
Budorcas_taxicolor_XP_052514613.1_CMRF35-like_molecule_6|IPR003599|IG_3c|28-129,Budorcas_taxicolor_XP_052514613.1_CMRF35-like_molecule_6|IPR003599|IG_3c|28-129,Terrestrial_Artiodactyl,Bovidae,11.823376,3.110402
Ovibos_moschatus_KAL1287092.1_CD300C|IPR003599|IG_3c|28-129,Ovibos_moschatus_KAL1287092.1_CD300C|IPR003599|IG_3c|28-129,Terrestrial_Artiodactyl,Bovidae,10.302168,3.1746686
Oryx_dammah_XP_040100414.1_CMRF35-like_molecule_8_isoform_X1|IPR003599|IG_3c|28-129,Oryx_dammah_XP_040100414.1_CMRF35-like_molecule_8_isoform_X1|IPR003599|IG_3c|28-129,Terrestrial_Artiodactyl,Bovidae,11.579632,5.092131
Ovis_ammon_polii_KAI4533938.1_hypothetical_protein_MG293_016957|IPR003599|IG_3c|598-699,Ovis_ammon_polii_KAI4533938.1_hypothetical_protein_MG293_016957|IPR003599|IG_3c|598-699,Terrestrial_Artiodactyl,Bovidae,11.762793,3.3880131
Budorcas_taxicolor_XP_052514741.1_CMRF35-like_molecule_8|IPR003599|IG_3c|28-129,Budorcas_taxicolor_XP_052514741.1_CMRF35-like_molecule_8|IPR003599|IG_3c|28-129,Terrestrial_Artiodactyl,Bovidae,11.902141,2.72227
Ovis_aries_XP_014953892.1_PREDICTED:_CMRF35-like_molecule_8_isoform_X1|IPR003599|IG_3c|172-273,Ovis_aries_XP_014953892.1_PREDICTED_CMRF35-like_molecule_8_isoform_X1|IPR003599|IG_3c|172-273,Terrestrial_Artiodactyl,Bovidae,11.5535755,3.4097483
Rangifer_tarandus_platyrhynchus_CAI9700419.1_unnamed_protein_product|IPR003599|IG_3c|28-127,Rangifer_tarandus_platyrhynchus_CAI9700419.1_unnamed_protein_product|IPR003599|IG_3c|28-127,Terrestrial_Artiodactyl,Cervidae,26.194464,14.369409
Rangifer_tarandus_platyrhynchus_CAI9700420.1_unnamed_protein_product|IPR003599|IG_3c|28-125,Rangifer_tarandus_platyrhynchus_CAI9700420.1_unnamed_protein_product|IPR003599|IG_3c|28-125,Terrestrial_Artiodactyl,Cervidae,22.859112,18.769133
Odocoileus_virginianus_texanus_XP_020728423.1_CMRF35-like_molecule_6|IPR003599|IG_3c|28-127,Odocoileus_virginianus_texanus_XP_020728423.1_CMRF35-like_molecule_6|IPR003599|IG_3c|28-127,Terrestrial_Artiodactyl,Cervidae,26.289011,14.53741
Dama_dama_XP_060997260.1_CMRF35-like_molecule_6|IPR003599|IG_3c|28-127,Dama_dama_XP_060997260.1_CMRF35-like_molecule_6|IPR003599|IG_3c|28-127,Terrestrial_Artiodactyl,Cervidae,26.300089,13.391928
Cervus_elaphus_XP_043761550.1_CMRF35-like_molecule_6_isoform_X1|IPR003599|IG_3c|28-127,Cervus_elaphus_XP_043761550.1_CMRF35-like_molecule_6_isoform_X1|IPR003599|IG_3c|28-127,Terrestrial_Artiodactyl,Cervidae,26.459457,14.153396
Rangifer_tarandus_platyrhynchus_CAI9163875.1_unnamed_protein_product|IPR003599|IG_3c|28-127,Rangifer_tarandus_platyrhynchus_CAI9163875.1_unnamed_protein_product|IPR003599|IG_3c|28-127,Terrestrial_Artiodactyl,Cervidae,26.31254,13.772519
Oryx_dammah_XP_040091864.1_CMRF35-like_molecule_6,_partial|IPR003599|IG_3c|28-129,Oryx_dammah_XP_040091864.1_CMRF35-like_molecule_6_partial|IPR003599|IG_3c|28-129,Terrestrial_Artiodactyl,Bovidae,11.531846,4.0750117
Bos_taurus_NP_001179385.1_CMRF35-like_molecule_8_precursor|IPR003599|IG_3c|28-129,Bos_taurus_NP_001179385.1_CMRF35-like_molecule_8_precursor|IPR003599|IG_3c|28-129,Terrestrial_Artiodactyl,Bovidae,11.238796,2.8801687
Bison_bison_bison_XP_010854789.1_PREDICTED:_CMRF35-like_molecule_8|IPR003599|IG_3c|47-148,Bison_bison_bison_XP_010854789.1_PREDICTED_CMRF35-like_molecule_8|IPR003599|IG_3c|47-148,Terrestrial_Artiodactyl,Bovidae,10.257821,3.1103928
Bos_javanicus_XP_061248902.1_CMRF35-like_molecule_8|IPR003599|IG_3c|28-131,Bos_javanicus_XP_061248902.1_CMRF35-like_molecule_8|IPR003599|IG_3c|28-131,Terrestrial_Artiodactyl,Bovidae,10.104604,2.3878016
Vicugna_pacos_XP_031541560.1_CMRF35-like_molecule_6_isoform_X1|IPR003599|IG_3c|28-129,Vicugna_pacos_XP_031541560.1_CMRF35-like_molecule_6_isoform_X1|IPR003599|IG_3c|28-129,Terrestrial_Artiodactyl,Camelidae,10.979223,2.8449376
Camelus_ferus_XP_032312806.1_CMRF35-like_molecule_8_isoform_X1|IPR003599|IG_3c|28-129,Camelus_ferus_XP_032312806.1_CMRF35-like_molecule_8_isoform_X1|IPR003599|IG_3c|28-129,Terrestrial_Artiodactyl,Camelidae,11.296192,4.0765038
Vicugna_pacos_XP_015090738.1_CMRF35-like_molecule_8_isoform_X1|IPR003599|IG_3c|28-129,Vicugna_pacos_XP_015090738.1_CMRF35-like_molecule_8_isoform_X1|IPR003599|IG_3c|28-129,Terrestrial_Artiodactyl,Camelidae,10.790065,2.535124
Camelus_ferus_XP_032312800.1_CMRF35-like_molecule_6_isoform_X1|IPR003599|IG_3c|28-129,Camelus_ferus_XP_032312800.1_CMRF35-like_molecule_6_isoform_X1|IPR003599|IG_3c|28-129,Terrestrial_Artiodactyl,Camelidae,11.298678,4.2702117
Camelus_dromedarius_XP_010997003.1_CMRF35-like_molecule_6|IPR003599|IG_3c|28-129,Camelus_dromedarius_XP_010997003.1_CMRF35-like_molecule_6|IPR003599|IG_3c|28-129,Terrestrial_Artiodactyl,Camelidae,11.253186,4.4441905
Camelus_dromedarius_KAB1266189.1_Protein_CD300H|IPR003599|IG_3c|28-129,Camelus_dromedarius_KAB1266189.1_Protein_CD300H|IPR003599|IG_3c|28-129,Terrestrial_Artiodactyl,Camelidae,11.313353,4.302543
Sus_scrofa_ENSSSCT00000034617.2|IPR003599|IG_3c|28-130,Sus_scrofa_ENSSSCT00000034617.2|IPR003599|IG_3c|28-130,Terrestrial_Artiodactyl,Suidae,-1.9393847,-4.7663794
Sus_scrofa_ENSSSCT00000018765.5|IPR003599|IG_3c|28-130,Sus_scrofa_ENSSSCT00000018765.5|IPR003599|IG_3c|28-130,Terrestrial_Artiodactyl,Suidae,-1.8839188,-4.050966
Phacochoerus_africanus_XP_047614673.1_CMRF35-like_molecule_8|IPR003599|IG_3c|28-128,Phacochoerus_africanus_XP_047614673.1_CMRF35-like_molecule_8|IPR003599|IG_3c|28-128,Terrestrial_Artiodactyl,Suidae,-4.510618,-1.4771324
Phacochoerus_africanus_XP_047614079.1_LOW_QUALITY_PROTEIN:_CMRF35-like_molecule_6|IPR003599|IG_3c|28-128,Phacochoerus_africanus_XP_047614079.1_LOW_QUALITY_PROTEIN_CMRF35-like_molecule_6|IPR003599|IG_3c|28-128,Terrestrial_Artiodactyl,Suidae,-4.529846,-3.869811
Homo_sapiens_NP_006669.1_CD300C|IPR003599|IG_3c|28-130,Homo_sapiens_NP_006669.1_CD300C|IPR003599|IG_3c|28-130,Terrestrial_Artiodactyl,Hominidae,8.475969,-0.37000325
Homo_sapiens_XP_005257047.1_CD300A|IPR003599|IG_3c|21-123,Homo_sapiens_XP_005257047.1_CD300A|IPR003599|IG_3c|21-123,Terrestrial_Artiodactyl,Hominidae,8.454043,0.114461295
Ovis_aries_XP_012041964.1_PREDICTED:_CMRF35-like_molecule_2_isoform_X2|IPR003599|IG_3c|21-131,Ovis_aries_XP_012041964.1_PREDICTED_CMRF35-like_molecule_2_isoform_X2|IPR003599|IG_3c|21-131,Terrestrial_Artiodactyl,Bovidae,-24.118366,23.549948
Oryx_dammah_XP_040100416.1_protein_CD300H-like_isoform_X1|IPR003599|IG_3c|53-163,Oryx_dammah_XP_040100416.1_protein_CD300H-like_isoform_X1|IPR003599|IG_3c|53-163,Terrestrial_Artiodactyl,Bovidae,-22.106018,22.21343
Capra_hircus_XFF88777.1_hypothetical_protein_AB1E18_014996|IPR003599|IG_3c|21-131,Capra_hircus_XFF88777.1_hypothetical_protein_AB1E18_014996|IPR003599|IG_3c|21-131,Terrestrial_Artiodactyl,Bovidae,-24.064394,23.424385
Pantholops_hodgsonii_XP_005985251.1_PREDICTED:_CMRF35-like_molecule_2-like|IPR003599|IG_3c|21-131,Pantholops_hodgsonii_XP_005985251.1_PREDICTED_CMRF35-like_molecule_2-like|IPR003599|IG_3c|21-131,Terrestrial_Artiodactyl,Bovidae,-24.039814,23.649778
Capricornis_sumatraensis_XP_068834610.1_protein_CD300H-like_isoform_X1|IPR003599|IG_3c|21-131,Capricornis_sumatraensis_XP_068834610.1_protein_CD300H-like_isoform_X1|IPR003599|IG_3c|21-131,Terrestrial_Artiodactyl,Bovidae,-24.40908,23.884266
Budorcas_taxicolor_XP_052514634.1_protein_CD300H-like|IPR003599|IG_3c|21-131,Budorcas_taxicolor_XP_052514634.1_protein_CD300H-like|IPR003599|IG_3c|21-131,Terrestrial_Artiodactyl,Bovidae,-24.22963,23.868729
Ovibos_moschatus_KAL1287094.1_CD300H|IPR003599|IG_3c|21-131,Ovibos_moschatus_KAL1287094.1_CD300H|IPR003599|IG_3c|21-131,Terrestrial_Artiodactyl,Bovidae,-22.76489,22.468058
Bos_taurus_XP_002696238.1_protein_CD300H|IPR003599|IG_3c|21-131,Bos_taurus_XP_002696238.1_protein_CD300H|IPR003599|IG_3c|21-131,Terrestrial_Artiodactyl,Bovidae,-23.078901,21.221003
Bos_javanicus_XP_061248901.1_protein_CD300H-like|IPR003599|IG_3c|21-131,Bos_javanicus_XP_061248901.1_protein_CD300H-like|IPR003599|IG_3c|21-131,Terrestrial_Artiodactyl,Bovidae,-23.29696,21.389914
Bison_bison_bison_XP_010854419.1_PREDICTED:_CMRF35-like_molecule_2|IPR003599|IG_3c|21-131,Bison_bison_bison_XP_010854419.1_PREDICTED_CMRF35-like_molecule_2|IPR003599|IG_3c|21-131,Terrestrial_Artiodactyl,Bovidae,-23.095678,21.109228
Dama_dama_XP_061000905.1_protein_CD300H-like_isoform_X1|IPR003599|IG_3c|25-135,Dama_dama_XP_061000905.1_protein_CD300H-like_isoform_X1|IPR003599|IG_3c|25-135,Terrestrial_Artiodactyl,Cervidae,-23.977243,21.978382
Muntiacus_reevesi_KAB0367267.1_hypothetical_protein_FD755_020591|IPR003599|IG_3c|32-142,Muntiacus_reevesi_KAB0367267.1_hypothetical_protein_FD755_020591|IPR003599|IG_3c|32-142,Terrestrial_Artiodactyl,Cervidae,-23.177725,20.987936
Moschus_berezovskii_XP_055264641.1_protein_CD300H-like|IPR003599|IG_3c|21-131,Moschus_berezovskii_XP_055264641.1_protein_CD300H-like|IPR003599|IG_3c|21-131,Terrestrial_Artiodactyl,Moschidae,-22.960997,21.116137
Phacochoerus_africanus_XP_047614077.1_protein_CD300H-like_isoform_X1|IPR003599|IG_3c|84-194,Phacochoerus_africanus_XP_047614077.1_protein_CD300H-like_isoform_X1|IPR003599|IG_3c|84-194,Terrestrial_Artiodactyl,Suidae,-22.05536,21.135477
Sus_scrofa_XP_003131278.3_CMRF35-like_molecule_6_isoform_X1|IPR003599|IG_3c|84-194,Sus_scrofa_XP_003131278.3_CMRF35-like_molecule_6_isoform_X1|IPR003599|IG_3c|84-194,Terrestrial_Artiodactyl,Suidae,-21.88685,20.79084
Homo_sapiens_NP_001311002.1_CD300H|IPR003599|IG_3c|28-138,Homo_sapiens_NP_001311002.1_CD300H|IPR003599|IG_3c|28-138,Terrestrial_Artiodactyl,Hominidae,-22.815746,21.033249
